[
[
{"city": "Canc\u00fan,\u00a0Quintana Roo", "name": "Grand Oasis Canc\u00fan", "price": [], "source": "price", "link": "http://www.pricetravel.com.mx/grand-oasis-cancun/hotel-detalle?CheckIn=1900-01-01&CheckOut=1900-01-01&Rooms=1&Room1.Adults=2&Room1.Kids=0&Room1.AgeKids=&Adults=2&Kids=0&AgeKids=&Source=HotelList&IsPackage=false&placeId=54455&placeType=6", "address": "Blvr Kukulc\u00e1n km 16.5, L 45, 46 y 47, Zona Hotelera Canc\u00fan,\u00a0Quintana Roo\n               M\u00e9xico", "date": "2016-07-21 20:50:03"},
{"city": "Canc\u00fan,\u00a0Quintana Roo", "name": "Moon Palace Golf & Spa Resort", "price": [], "source": "price", "link": "http://www.pricetravel.com.mx/moon-palace-golf-spa-resort/hotel-detalle?CheckIn=1900-01-01&CheckOut=1900-01-01&Rooms=1&Room1.Adults=2&Room1.Kids=0&Room1.AgeKids=&Adults=2&Kids=0&AgeKids=&Source=HotelList&IsPackage=false&placeId=54455&placeType=6", "address": "Carr Cancun-Chetumal km 340 Canc\u00fan,\u00a0Quintana Roo\n               M\u00e9xico", "date": "2016-07-21 20:50:04"},
{"city": "Canc\u00fan,\u00a0Quintana Roo", "name": "Barcel\u00f3 Costa Canc\u00fan", "price": [], "source": "price", "link": "http://www.pricetravel.com.mx/barcelo-costa-cancun/hotel-detalle?CheckIn=1900-01-01&CheckOut=1900-01-01&Rooms=1&Room1.Adults=2&Room1.Kids=0&Room1.AgeKids=&Adults=2&Kids=0&AgeKids=&Source=HotelList&IsPackage=false&placeId=54455&placeType=6", "address": "Blvr Kukulc\u00e1n km 4.5, Zona Hotelera Canc\u00fan,\u00a0Quintana Roo\n               M\u00e9xico", "date": "2016-07-21 20:50:04"},
{"city": "Canc\u00fan,\u00a0Quintana Roo", "name": "Aquamarina Beach", "price": [], "source": "price", "link": "http://www.pricetravel.com.mx/aquamarina-beach/hotel-detalle?CheckIn=1900-01-01&CheckOut=1900-01-01&Rooms=1&Room1.Adults=2&Room1.Kids=0&Room1.AgeKids=&Adults=2&Kids=0&AgeKids=&Source=HotelList&IsPackage=false&placeId=54455&placeType=6", "address": "Blvr Kukulc\u00e1n km 4.5, Zona Hotelera Canc\u00fan,\u00a0Quintana Roo\n               M\u00e9xico", "date": "2016-07-21 20:50:05"},
{"city": "Canc\u00fan,\u00a0Quintana Roo", "name": "All Ritmo Canc\u00fan Resort & Waterpark", "price": [], "source": "price", "link": "http://www.pricetravel.com.mx/all-ritmo-cancun-resort-waterpark/hotel-detalle?CheckIn=1900-01-01&CheckOut=1900-01-01&Rooms=1&Room1.Adults=2&Room1.Kids=0&Room1.AgeKids=&Adults=2&Kids=0&AgeKids=&Source=HotelList&IsPackage=false&placeId=54455&placeType=6", "address": "Carr a Puerto Ju\u00e1rez-Punta Sam km 1.5 Canc\u00fan,\u00a0Quintana Roo\n               M\u00e9xico", "date": "2016-07-21 20:50:05"},
{"city": "Canc\u00fan,\u00a0Quintana Roo", "name": "Secrets Playa Mujeres Golf and Spa Resort Todo Incluido - Solo Adultos", "price": [], "source": "price", "link": "http://www.pricetravel.com.mx/secrets-playa-mujeres-golf-and-spa-resort-todo-incluido-solo-adultos/hotel-detalle?CheckIn=1900-01-01&CheckOut=1900-01-01&Rooms=1&Room1.Adults=2&Room1.Kids=0&Room1.AgeKids=&Adults=2&Kids=0&AgeKids=&Source=HotelList&IsPackage=false&placeId=54455&placeType=6", "address": "Lote 1 M1 SM3 Canc\u00fan,\u00a0Quintana Roo\n               M\u00e9xico", "date": "2016-07-21 20:50:06"},
{"city": "Canc\u00fan,\u00a0Quintana Roo", "name": "Dreams Sands Canc\u00fan Resort & Spa", "price": [], "source": "price", "link": "http://www.pricetravel.com.mx/dreams-sands-cancun-resort-spa/hotel-detalle?CheckIn=1900-01-01&CheckOut=1900-01-01&Rooms=1&Room1.Adults=2&Room1.Kids=0&Room1.AgeKids=&Adults=2&Kids=0&AgeKids=&Source=HotelList&IsPackage=false&placeId=54455&placeType=6", "address": "Blvr Kukulcan km 8.5, Zona Hotelera Canc\u00fan,\u00a0Quintana Roo\n               M\u00e9xico", "date": "2016-07-21 20:50:07"},
{"city": "Canc\u00fan,\u00a0Quintana Roo", "name": "Presidente InterContinental Canc\u00fan", "price": [], "source": "price", "link": "http://www.pricetravel.com.mx/presidente-intercontinental-cancun/hotel-detalle?CheckIn=1900-01-01&CheckOut=1900-01-01&Rooms=1&Room1.Adults=2&Room1.Kids=0&Room1.AgeKids=&Adults=2&Kids=0&AgeKids=&Source=HotelList&IsPackage=false&placeId=54455&placeType=6", "address": "Blvr Kukulcan km 7.5, Zona Hotelera Canc\u00fan,\u00a0Quintana Roo\n               M\u00e9xico", "date": "2016-07-21 20:50:08"},
{"city": "Canc\u00fan,\u00a0Quintana Roo", "name": "Royal Solaris Cancun Resort Marina & Spa All Inclusive", "price": [], "source": "price", "link": "http://www.pricetravel.com.mx/royal-solaris-cancun-resort-marina-spa-all-inclusive/hotel-detalle?CheckIn=1900-01-01&CheckOut=1900-01-01&Rooms=1&Room1.Adults=2&Room1.Kids=0&Room1.AgeKids=&Adults=2&Kids=0&AgeKids=&Source=HotelList&IsPackage=false&placeId=54455&placeType=6", "address": "Blvr Kukulcan km 20.5, Zona Hotelera Canc\u00fan,\u00a0Quintana Roo\n               M\u00e9xico", "date": "2016-07-21 20:50:09"},
{"city": "Canc\u00fan,\u00a0Quintana Roo", "name": "Krystal Grand Punta Canc\u00fan", "price": [], "source": "price", "link": "http://www.pricetravel.com.mx/krystal-grand-punta-cancun/hotel-detalle?CheckIn=1900-01-01&CheckOut=1900-01-01&Rooms=1&Room1.Adults=2&Room1.Kids=0&Room1.AgeKids=&Adults=2&Kids=0&AgeKids=&Source=HotelList&IsPackage=false&placeId=54455&placeType=6", "address": "Blvr Kukulcan km 8.5, Zona Hotelera Canc\u00fan,\u00a0Quintana Roo\n               M\u00e9xico", "date": "2016-07-21 20:50:10"},
{"city": "Canc\u00fan,\u00a0Quintana Roo", "name": "Holiday Inn Canc\u00fan Arenas", "price": [], "source": "price", "link": "http://www.pricetravel.com.mx/holiday-inn-cancun-arenas/hotel-detalle?CheckIn=1900-01-01&CheckOut=1900-01-01&Rooms=1&Room1.Adults=2&Room1.Kids=0&Room1.AgeKids=&Adults=2&Kids=0&AgeKids=&Source=HotelList&IsPackage=false&placeId=54455&placeType=6", "address": "Blvr Kukulc\u00e1n km 2.5, Zona Hotelera Canc\u00fan,\u00a0Quintana Roo\n               M\u00e9xico", "date": "2016-07-21 20:50:10"}
]