[
{"latitud": "21.077625016520372", "city": "Canc\u00fan,\u00a0Quintana Roo", "name": "Emporio Hotel & Suites Canc\u00fan", "price": [], "source": "price", "link": "http://www.pricetravel.com.mx/emporio-hotel-suites-cancun/hotel-detalle?CheckIn=1900-01-01&CheckOut=1900-01-01&Rooms=1&Room1.Adults=2&Room1.Kids=0&Room1.AgeKids=&Adults=2&Kids=0&AgeKids=&Source=HotelList&IsPackage=false&placeId=54455&placeType=6", "address": "Blvr Kukulc\u00e1n, Ret Cucumatz km 17 L 49, Segunda Etapa, Zona Hotelera Canc\u00fan,\u00a0Quintana Roo\n               M\u00e9xico", "date": "2016-07-17 21:48:05", "longitud": "-86.77535489814761"},
{"latitud": "21.077625016520372", "city": "Canc\u00fan,\u00a0Quintana Roo", "name": "All Ritmo Canc\u00fan Resort & Waterpark", "price": [], "source": "price", "link": "http://www.pricetravel.com.mx/all-ritmo-cancun-resort-waterpark/hotel-detalle?CheckIn=1900-01-01&CheckOut=1900-01-01&Rooms=1&Room1.Adults=2&Room1.Kids=0&Room1.AgeKids=&Adults=2&Kids=0&AgeKids=&Source=HotelList&IsPackage=false&placeId=54455&placeType=6", "address": "Carr a Puerto Ju\u00e1rez-Punta Sam km 1.5 Canc\u00fan,\u00a0Quintana Roo\n               M\u00e9xico", "date": "2016-07-17 21:48:06", "longitud": "-86.77535489814761"},
{"latitud": "21.077625016520372", "city": "Canc\u00fan,\u00a0Quintana Roo", "name": "Barcel\u00f3 Costa Canc\u00fan", "price": [], "source": "price", "link": "http://www.pricetravel.com.mx/barcelo-costa-cancun/hotel-detalle?CheckIn=1900-01-01&CheckOut=1900-01-01&Rooms=1&Room1.Adults=2&Room1.Kids=0&Room1.AgeKids=&Adults=2&Kids=0&AgeKids=&Source=HotelList&IsPackage=false&placeId=54455&placeType=6", "address": "Blvr Kukulc\u00e1n km 4.5, Zona Hotelera Canc\u00fan,\u00a0Quintana Roo\n               M\u00e9xico", "date": "2016-07-17 21:48:06", "longitud": "-86.77535489814761"},
{"latitud": "21.077625016520372", "city": "Canc\u00fan,\u00a0Quintana Roo", "name": "Crown Paradise Club Canc\u00fan", "price": [], "source": "price", "link": "http://www.pricetravel.com.mx/crown-paradise-club-cancun/hotel-detalle?CheckIn=1900-01-01&CheckOut=1900-01-01&Rooms=1&Room1.Adults=2&Room1.Kids=0&Room1.AgeKids=&Adults=2&Kids=0&AgeKids=&Source=HotelList&IsPackage=false&placeId=54455&placeType=6", "address": "Blvr Kukulc\u00e1n km 18.5, Zona Hotelera Canc\u00fan,\u00a0Quintana Roo\n               M\u00e9xico", "date": "2016-07-17 21:48:07", "longitud": "-86.77535489814761"},
{"latitud": "21.077625016520372", "city": "Canc\u00fan,\u00a0Quintana Roo", "name": "Aquamarina Beach", "price": [], "source": "price", "link": "http://www.pricetravel.com.mx/aquamarina-beach/hotel-detalle?CheckIn=1900-01-01&CheckOut=1900-01-01&Rooms=1&Room1.Adults=2&Room1.Kids=0&Room1.AgeKids=&Adults=2&Kids=0&AgeKids=&Source=HotelList&IsPackage=false&placeId=54455&placeType=6", "address": "Blvr Kukulc\u00e1n km 4.5, Zona Hotelera Canc\u00fan,\u00a0Quintana Roo\n               M\u00e9xico", "date": "2016-07-17 21:48:12", "longitud": "-86.77535489814761"},
{"latitud": "21.077625016520372", "city": "Canc\u00fan,\u00a0Quintana Roo", "name": "JW Marriott Cancun Resort and Spa", "price": [], "source": "price", "link": "http://www.pricetravel.com.mx/jw-marriott-cancun-resort-spa/hotel-detalle?CheckIn=1900-01-01&CheckOut=1900-01-01&Rooms=1&Room1.Adults=2&Room1.Kids=0&Room1.AgeKids=&Adults=2&Kids=0&AgeKids=&Source=HotelList&IsPackage=false&placeId=54455&placeType=6", "address": "Boulevard Kukulc\u00e1n km 14.5 Lote 40-A Canc\u00fan,\u00a0Quintana Roo\n               M\u00e9xico", "date": "2016-07-17 21:48:12", "longitud": "-86.77535489814761"},
{"latitud": "21.077625016520372", "city": "Canc\u00fan,\u00a0Quintana Roo", "name": "Moon Palace Golf & Spa Resort", "price": [], "source": "price", "link": "http://www.pricetravel.com.mx/moon-palace-golf-spa-resort/hotel-detalle?CheckIn=1900-01-01&CheckOut=1900-01-01&Rooms=1&Room1.Adults=2&Room1.Kids=0&Room1.AgeKids=&Adults=2&Kids=0&AgeKids=&Source=HotelList&IsPackage=false&placeId=54455&placeType=6", "address": "Carr Cancun-Chetumal km 340 Canc\u00fan,\u00a0Quintana Roo\n               M\u00e9xico", "date": "2016-07-17 21:48:12", "longitud": "-86.77535489814761"},
{"latitud": "21.077625016520372", "city": "Canc\u00fan,\u00a0Quintana Roo", "name": "Celuisma Maya Caribe Canc\u00fan", "price": [], "source": "price", "link": "http://www.pricetravel.com.mx/celuisma-maya-caribe-cancun/hotel-detalle?CheckIn=1900-01-01&CheckOut=1900-01-01&Rooms=1&Room1.Adults=2&Room1.Kids=0&Room1.AgeKids=&Adults=2&Kids=0&AgeKids=&Source=HotelList&IsPackage=false&placeId=54455&placeType=6", "address": "Blvr Kukulcan km 6, Zona Hotelera Canc\u00fan,\u00a0Quintana Roo\n               M\u00e9xico", "date": "2016-07-17 21:48:13", "longitud": "-86.77535489814761"},
{"latitud": "21.077625016520372", "city": "Canc\u00fan,\u00a0Quintana Roo", "name": "Royal Solaris Cancun Resort Marina & Spa All Inclusive", "price": [], "source": "price", "link": "http://www.pricetravel.com.mx/royal-solaris-cancun-resort-marina-spa-all-inclusive/hotel-detalle?CheckIn=1900-01-01&CheckOut=1900-01-01&Rooms=1&Room1.Adults=2&Room1.Kids=0&Room1.AgeKids=&Adults=2&Kids=0&AgeKids=&Source=HotelList&IsPackage=false&placeId=54455&placeType=6", "address": "Blvr Kukulcan km 20.5, Zona Hotelera Canc\u00fan,\u00a0Quintana Roo\n               M\u00e9xico", "date": "2016-07-17 21:48:13", "longitud": "-86.77535489814761"},
{"latitud": "21.077625016520372", "city": "Canc\u00fan,\u00a0Quintana Roo", "name": "ME Canc\u00fan - Complete Me All Inclusive", "price": [], "source": "price", "link": "http://www.pricetravel.com.mx/me-cancun-complete-me-all-inclusive/hotel-detalle?CheckIn=1900-01-01&CheckOut=1900-01-01&Rooms=1&Room1.Adults=2&Room1.Kids=0&Room1.AgeKids=&Adults=2&Kids=0&AgeKids=&Source=HotelList&IsPackage=false&placeId=54455&placeType=6", "address": "Blvr Kukulkan km 12, Zona Hotelera Canc\u00fan,\u00a0Quintana Roo\n               M\u00e9xico", "date": "2016-07-17 21:48:13", "longitud": "-86.77535489814761"},
{"latitud": "21.077625016520372", "city": "Canc\u00fan,\u00a0Quintana Roo", "name": "Golden Parnassus Resort and Spa", "price": [], "source": "price", "link": "http://www.pricetravel.com.mx/golden-parnassus-resort-and-spa/hotel-detalle?CheckIn=1900-01-01&CheckOut=1900-01-01&Rooms=1&Room1.Adults=2&Room1.Kids=0&Room1.AgeKids=&Adults=2&Kids=0&AgeKids=&Source=HotelList&IsPackage=false&placeId=54455&placeType=6", "address": "Blvr Kukulcan km 14.5, Ret San Miguelito L 37, Zona Hotelera Canc\u00fan,\u00a0Quintana Roo\n               M\u00e9xico", "date": "2016-07-17 21:48:14", "longitud": "-86.77535489814761"},
{"latitud": "21.077625016520372", "city": "Canc\u00fan,\u00a0Quintana Roo", "name": "Krystal Cancun Hotel & Resort", "price": [], "source": "price", "link": "http://www.pricetravel.com.mx/krystal-cancun-hotel-resort/hotel-detalle?CheckIn=1900-01-01&CheckOut=1900-01-01&Rooms=1&Room1.Adults=2&Room1.Kids=0&Room1.AgeKids=&Adults=2&Kids=0&AgeKids=&Source=HotelList&IsPackage=false&placeId=54455&placeType=6", "address": "Blvr Kukulcan km 9 Canc\u00fan,\u00a0Quintana Roo\n               M\u00e9xico", "date": "2016-07-17 21:48:14", "longitud": "-86.77535489814761"},
{"latitud": "21.077625016520372", "city": "Canc\u00fan,\u00a0Quintana Roo", "name": "Holiday Inn Canc\u00fan Arenas", "price": [], "source": "price", "link": "http://www.pricetravel.com.mx/holiday-inn-cancun-arenas/hotel-detalle?CheckIn=1900-01-01&CheckOut=1900-01-01&Rooms=1&Room1.Adults=2&Room1.Kids=0&Room1.AgeKids=&Adults=2&Kids=0&AgeKids=&Source=HotelList&IsPackage=false&placeId=54455&placeType=6", "address": "Blvr Kukulc\u00e1n km 2.5, Zona Hotelera Canc\u00fan,\u00a0Quintana Roo\n               M\u00e9xico", "date": "2016-07-17 21:48:15", "longitud": "-86.77535489814761"},
{"latitud": "21.077625016520372", "city": "Canc\u00fan,\u00a0Quintana Roo", "name": "Secrets Playa Mujeres Golf and Spa Resort", "price": [], "source": "price", "link": "http://www.pricetravel.com.mx/secrets-playa-mujeres-golf-and-spa-resort/hotel-detalle?CheckIn=1900-01-01&CheckOut=1900-01-01&Rooms=1&Room1.Adults=2&Room1.Kids=0&Room1.AgeKids=&Adults=2&Kids=0&AgeKids=&Source=HotelList&IsPackage=false&placeId=54455&placeType=6", "address": "Lote 1 M1 SM3 Canc\u00fan,\u00a0Quintana Roo\n               M\u00e9xico", "date": "2016-07-17 21:48:15", "longitud": "-86.77535489814761"},
{"latitud": "21.077625016520372", "city": "Canc\u00fan,\u00a0Quintana Roo", "name": "Oasis Palm", "price": [], "source": "price", "link": "http://www.pricetravel.com.mx/oasis-palm/hotel-detalle?CheckIn=1900-01-01&CheckOut=1900-01-01&Rooms=1&Room1.Adults=2&Room1.Kids=0&Room1.AgeKids=&Adults=2&Kids=0&AgeKids=&Source=HotelList&IsPackage=false&placeId=54455&placeType=6", "address": "Blvr Kukulc\u00e1n km 4.5, Zona Hotelera Canc\u00fan,\u00a0Quintana Roo\n               M\u00e9xico", "date": "2016-07-17 21:48:15", "longitud": "-86.77535489814761"},
{"latitud": "21.077625016520372", "city": "Canc\u00fan,\u00a0Quintana Roo", "name": "Grand Oasis Canc\u00fan", "price": [], "source": "price", "link": "http://www.pricetravel.com.mx/grand-oasis-cancun/hotel-detalle?CheckIn=1900-01-01&CheckOut=1900-01-01&Rooms=1&Room1.Adults=2&Room1.Kids=0&Room1.AgeKids=&Adults=2&Kids=0&AgeKids=&Source=HotelList&IsPackage=false&placeId=54455&placeType=6", "address": "Blvr Kukulc\u00e1n km 16.5, L 45, 46 y 47, Zona Hotelera Canc\u00fan,\u00a0Quintana Roo\n               M\u00e9xico", "date": "2016-07-17 21:48:16", "longitud": "-86.77535489814761"},
{"latitud": "21.077625016520372", "city": "Canc\u00fan,\u00a0Quintana Roo", "name": "Presidente InterContinental Canc\u00fan", "price": [], "source": "price", "link": "http://www.pricetravel.com.mx/presidente-intercontinental-cancun/hotel-detalle?CheckIn=1900-01-01&CheckOut=1900-01-01&Rooms=1&Room1.Adults=2&Room1.Kids=0&Room1.AgeKids=&Adults=2&Kids=0&AgeKids=&Source=HotelList&IsPackage=false&placeId=54455&placeType=6", "address": "Blvr Kukulcan km 7.5, Zona Hotelera Canc\u00fan,\u00a0Quintana Roo\n               M\u00e9xico", "date": "2016-07-17 21:48:17", "longitud": "-86.77535489814761"},
{"latitud": "21.077625016520372", "city": "Canc\u00fan,\u00a0Quintana Roo", "name": "Great Parnassus Resort and Spa", "price": [], "source": "price", "link": "http://www.pricetravel.com.mx/great-parnassus-resort-and-spa/hotel-detalle?CheckIn=1900-01-01&CheckOut=1900-01-01&Rooms=1&Room1.Adults=2&Room1.Kids=0&Room1.AgeKids=&Adults=2&Kids=0&AgeKids=&Source=HotelList&IsPackage=false&placeId=54455&placeType=6", "address": "Blvr Kukulkan km 16.9, Zona Hotelera Canc\u00fan,\u00a0Quintana Roo\n               M\u00e9xico", "date": "2016-07-17 21:48:17", "longitud": "-86.77535489814761"},
{"latitud": "21.077625016520372", "city": "Canc\u00fan,\u00a0Quintana Roo", "name": "Sandos Cancun Luxury Resort - All Inclusive", "price": [], "source": "price", "link": "http://www.pricetravel.com.mx/sandos-cancun-luxury-resort-all-inclusive/hotel-detalle?CheckIn=1900-01-01&CheckOut=1900-01-01&Rooms=1&Room1.Adults=2&Room1.Kids=0&Room1.AgeKids=&Adults=2&Kids=0&AgeKids=&Source=HotelList&IsPackage=false&placeId=54455&placeType=6", "address": "Blvr Kukulkan Km 14, Zona Hotelera Canc\u00fan,\u00a0Quintana Roo\n               M\u00e9xico", "date": "2016-07-17 21:48:18", "longitud": "-86.77535489814761"},
{"latitud": "21.077625016520372", "city": "Canc\u00fan,\u00a0Quintana Roo", "name": "Grand Park Royal Canc\u00fan Caribe", "price": [], "source": "price", "link": "http://www.pricetravel.com.mx/grand-park-royal-cancun-caribe/hotel-detalle?CheckIn=1900-01-01&CheckOut=1900-01-01&Rooms=1&Room1.Adults=2&Room1.Kids=0&Room1.AgeKids=&Adults=2&Kids=0&AgeKids=&Source=HotelList&IsPackage=false&placeId=54455&placeType=6", "address": "Blvr Kukulcan km 10.5, Zona Hotelera Canc\u00fan,\u00a0Quintana Roo\n               M\u00e9xico", "date": "2016-07-17 21:48:18", "longitud": "-86.77535489814761"},
{"latitud": "21.077625016520372", "city": "Canc\u00fan,\u00a0Quintana Roo", "name": "Canc\u00fan Bay Resort", "price": [], "source": "price", "link": "http://www.pricetravel.com.mx/cancun-bay-resort/hotel-detalle?CheckIn=1900-01-01&CheckOut=1900-01-01&Rooms=1&Room1.Adults=2&Room1.Kids=0&Room1.AgeKids=&Adults=2&Kids=0&AgeKids=&Source=HotelList&IsPackage=false&placeId=54455&placeType=6", "address": "Blvr Kukulcan km 3.5 166, Zona Hotelera Canc\u00fan,\u00a0Quintana Roo\n               M\u00e9xico", "date": "2016-07-17 21:48:19", "longitud": "-86.77535489814761"},
{"latitud": "21.077625016520372", "city": "Canc\u00fan,\u00a0Quintana Roo", "name": "Krystal Urban Canc\u00fan - Malec\u00f3n", "price": [], "source": "price", "link": "http://www.pricetravel.com.mx/krystal-urban-cancun-malecon/hotel-detalle?CheckIn=1900-01-01&CheckOut=1900-01-01&Rooms=1&Room1.Adults=2&Room1.Kids=0&Room1.AgeKids=&Adults=2&Kids=0&AgeKids=&Source=HotelList&IsPackage=false&placeId=54455&placeType=6", "address": "Av Sayil L 4-7 M 1 SM 4A, Malec\u00f3n Canc\u00fan Canc\u00fan,\u00a0Quintana Roo\n               M\u00e9xico", "date": "2016-07-17 21:48:19", "longitud": "-86.77535489814761"},
{"latitud": "21.077625016520372", "city": "Canc\u00fan,\u00a0Quintana Roo", "name": "Solymar Beach Resort", "price": [], "source": "price", "link": "http://www.pricetravel.com.mx/solymar-beach-resort/hotel-detalle?CheckIn=1900-01-01&CheckOut=1900-01-01&Rooms=1&Room1.Adults=2&Room1.Kids=0&Room1.AgeKids=&Adults=2&Kids=0&AgeKids=&Source=HotelList&IsPackage=false&placeId=54455&placeType=6", "address": "Blvr Kukulcan km 18.7, Zona Hotelera Canc\u00fan,\u00a0Quintana Roo\n               M\u00e9xico", "date": "2016-07-17 21:48:20", "longitud": "-86.77535489814761"},
{"latitud": "21.077625016520372", "city": "Canc\u00fan,\u00a0Quintana Roo", "name": "Iberostar Canc\u00fan", "price": [], "source": "price", "link": "http://www.pricetravel.com.mx/iberostar-cancun/hotel-detalle?CheckIn=1900-01-01&CheckOut=1900-01-01&Rooms=1&Room1.Adults=2&Room1.Kids=0&Room1.AgeKids=&Adults=2&Kids=0&AgeKids=&Source=HotelList&IsPackage=false&placeId=54455&placeType=6", "address": "Blvd Kukulcan km 17 Hotel Zone Canc\u00fan,\u00a0Quintana Roo\n               M\u00e9xico", "date": "2016-07-17 21:48:21", "longitud": "-86.77535489814761"},
{"latitud": "21.077625016520372", "city": "Canc\u00fan,\u00a0Quintana Roo", "name": "Krystal Grand Punta Canc\u00fan", "price": [], "source": "price", "link": "http://www.pricetravel.com.mx/krystal-grand-punta-cancun/hotel-detalle?CheckIn=1900-01-01&CheckOut=1900-01-01&Rooms=1&Room1.Adults=2&Room1.Kids=0&Room1.AgeKids=&Adults=2&Kids=0&AgeKids=&Source=HotelList&IsPackage=false&placeId=54455&placeType=6", "address": "Blvr Kukulcan km 8.5, Zona Hotelera Canc\u00fan,\u00a0Quintana Roo\n               M\u00e9xico", "date": "2016-07-17 21:48:21", "longitud": "-86.77535489814761"},
{"latitud": "21.077625016520372", "city": "Canc\u00fan,\u00a0Quintana Roo", "name": "Hotel Caribe Internacional", "price": [], "source": "price", "link": "http://www.pricetravel.com.mx/hotel-caribe-internacional/hotel-detalle?CheckIn=1900-01-01&CheckOut=1900-01-01&Rooms=1&Room1.Adults=2&Room1.Kids=0&Room1.AgeKids=&Adults=2&Kids=0&AgeKids=&Source=HotelList&IsPackage=false&placeId=54455&placeType=6", "address": "Av Yaxchil\u00e1n esq Sunyaxchen 36 y 37, SM 24 Canc\u00fan,\u00a0Quintana Roo\n               M\u00e9xico", "date": "2016-07-17 21:48:23", "longitud": "-86.77535489814761"},
{"latitud": "21.077625016520372", "city": "Canc\u00fan,\u00a0Quintana Roo", "name": "Hard Rock Hotel Canc\u00fan", "price": [], "source": "price", "link": "http://www.pricetravel.com.mx/hard-rock-hotel-cancun/hotel-detalle?CheckIn=1900-01-01&CheckOut=1900-01-01&Rooms=1&Room1.Adults=2&Room1.Kids=0&Room1.AgeKids=&Adults=2&Kids=0&AgeKids=&Source=HotelList&IsPackage=false&placeId=54455&placeType=6", "address": "Blvr Kukulcan km 14.5, Zona Hotelera Canc\u00fan,\u00a0Quintana Roo\n               M\u00e9xico", "date": "2016-07-17 21:48:23", "longitud": "-86.77535489814761"},
{"latitud": "21.077625016520372", "city": "Canc\u00fan,\u00a0Quintana Roo", "name": "City Express Canc\u00fan", "price": [], "source": "price", "link": "http://www.pricetravel.com.mx/city-express-cancun/hotel-detalle?CheckIn=1900-01-01&CheckOut=1900-01-01&Rooms=1&Room1.Adults=2&Room1.Kids=0&Room1.AgeKids=&Adults=2&Kids=0&AgeKids=&Source=HotelList&IsPackage=false&placeId=54455&placeType=6", "address": "Av Nichupt\u00e9 s/n SM 8 M 1 L 4, Col Centro Canc\u00fan,\u00a0Quintana Roo\n               M\u00e9xico", "date": "2016-07-17 21:48:24", "longitud": "-86.77535489814761"},
{"latitud": "21.077625016520372", "city": "Canc\u00fan,\u00a0Quintana Roo", "name": "Dreams Sands Canc\u00fan Resort & Spa", "price": [], "source": "price", "link": "http://www.pricetravel.com.mx/dreams-sands-cancun-resort-spa/hotel-detalle?CheckIn=1900-01-01&CheckOut=1900-01-01&Rooms=1&Room1.Adults=2&Room1.Kids=0&Room1.AgeKids=&Adults=2&Kids=0&AgeKids=&Source=HotelList&IsPackage=false&placeId=54455&placeType=6", "address": "Blvr Kukulcan km 8.5, Zona Hotelera Canc\u00fan,\u00a0Quintana Roo\n               M\u00e9xico", "date": "2016-07-17 21:48:24", "longitud": "-86.77535489814761"},
{"latitud": "21.077625016520372", "city": "Canc\u00fan,\u00a0Quintana Roo", "name": "Hotel Xbalamque & Spa", "price": [], "source": "price", "link": "http://www.pricetravel.com.mx/hotel-xbalamque-spa/hotel-detalle?CheckIn=1900-01-01&CheckOut=1900-01-01&Rooms=1&Room1.Adults=2&Room1.Kids=0&Room1.AgeKids=&Adults=2&Kids=0&AgeKids=&Source=HotelList&IsPackage=false&placeId=54455&placeType=6", "address": "Av Yaxchil\u00e1n 31, SM 22 M 18 Canc\u00fan,\u00a0Quintana Roo\n               M\u00e9xico", "date": "2016-07-17 21:48:25", "longitud": "-86.77535489814761"},
{"latitud": "21.077625016520372", "city": "Canc\u00fan,\u00a0Quintana Roo", "name": "Barcel\u00f3 Tucanc\u00fan Beach", "price": [], "source": "price", "link": "http://www.pricetravel.com.mx/barcelo-tucancun-beach/hotel-detalle?CheckIn=1900-01-01&CheckOut=1900-01-01&Rooms=1&Room1.Adults=2&Room1.Kids=0&Room1.AgeKids=&Adults=2&Kids=0&AgeKids=&Source=HotelList&IsPackage=false&placeId=54455&placeType=6", "address": "Blvr Kukulc\u00e1n km 13.5, L 24, Zona Hotelera Canc\u00fan,\u00a0Quintana Roo\n               M\u00e9xico", "date": "2016-07-17 21:48:25", "longitud": "-86.77535489814761"},
{"latitud": "21.077625016520372", "city": "Canc\u00fan,\u00a0Quintana Roo", "name": "Ocean Dream BPR", "price": [], "source": "price", "link": "http://www.pricetravel.com.mx/ocean-dream-bpr/hotel-detalle?CheckIn=1900-01-01&CheckOut=1900-01-01&Rooms=1&Room1.Adults=2&Room1.Kids=0&Room1.AgeKids=&Adults=2&Kids=0&AgeKids=&Source=HotelList&IsPackage=false&placeId=54455&placeType=6", "address": "Blvr Kukulk\u00e1n km 9.5, Zona Hotelera Canc\u00fan,\u00a0Quintana Roo\n               M\u00e9xico", "date": "2016-07-17 21:48:25", "longitud": "-86.77535489814761"},
{"latitud": "21.077625016520372", "city": "Canc\u00fan,\u00a0Quintana Roo", "name": "Secrets The Vine", "price": [], "source": "price", "link": "http://www.pricetravel.com.mx/secrets-the-vine/hotel-detalle?CheckIn=1900-01-01&CheckOut=1900-01-01&Rooms=1&Room1.Adults=2&Room1.Kids=0&Room1.AgeKids=&Adults=2&Kids=0&AgeKids=&Source=HotelList&IsPackage=false&placeId=54455&placeType=6", "address": "Blvr Kukulkan km 14.5, Ret Ixchel L 38, Zona Hotelera Canc\u00fan,\u00a0Quintana Roo\n               M\u00e9xico", "date": "2016-07-17 21:48:27", "longitud": "-86.77535489814761"},
{"latitud": "21.077625016520372", "city": "Canc\u00fan,\u00a0Quintana Roo", "name": "Imperial Las Perlas", "price": [], "source": "price", "link": "http://www.pricetravel.com.mx/imperial-las-perlas/hotel-detalle?CheckIn=1900-01-01&CheckOut=1900-01-01&Rooms=1&Room1.Adults=2&Room1.Kids=0&Room1.AgeKids=&Adults=2&Kids=0&AgeKids=&Source=HotelList&IsPackage=false&placeId=54455&placeType=6", "address": "Blvr Kukulcan km 2.5, Zone Hotelera Canc\u00fan,\u00a0Quintana Roo\n               M\u00e9xico", "date": "2016-07-17 21:48:27", "longitud": "-86.77535489814761"},
{"latitud": "21.077625016520372", "city": "Canc\u00fan,\u00a0Quintana Roo", "name": "Flamingo Canc\u00fan Resort", "price": [], "source": "price", "link": "http://www.pricetravel.com.mx/flamingo-cancun-resort/hotel-detalle?CheckIn=1900-01-01&CheckOut=1900-01-01&Rooms=1&Room1.Adults=2&Room1.Kids=0&Room1.AgeKids=&Adults=2&Kids=0&AgeKids=&Source=HotelList&IsPackage=false&placeId=54455&placeType=6", "address": "Blvr Kukulcan km 11, Zona Hotelera Canc\u00fan,\u00a0Quintana Roo\n               M\u00e9xico", "date": "2016-07-17 21:48:27", "longitud": "-86.77535489814761"},
{"latitud": "21.077625016520372", "city": "Canc\u00fan,\u00a0Quintana Roo", "name": "Canc\u00fan Clipper Club", "price": [], "source": "price", "link": "http://www.pricetravel.com.mx/cancun-clipper-club/hotel-detalle?CheckIn=1900-01-01&CheckOut=1900-01-01&Rooms=1&Room1.Adults=2&Room1.Kids=0&Room1.AgeKids=&Adults=2&Kids=0&AgeKids=&Source=HotelList&IsPackage=false&placeId=54455&placeType=6", "address": "Blvr Kukulkan km 9, Zona Hotelera Canc\u00fan,\u00a0Quintana Roo\n               M\u00e9xico", "date": "2016-07-17 21:48:28", "longitud": "-86.77535489814761"},
{"latitud": "21.077625016520372", "city": "Canc\u00fan,\u00a0Quintana Roo", "name": "Sunset Royal Beach Resort", "price": [], "source": "price", "link": "http://www.pricetravel.com.mx/sunset-royal-beach-resort/hotel-detalle?CheckIn=1900-01-01&CheckOut=1900-01-01&Rooms=1&Room1.Adults=2&Room1.Kids=0&Room1.AgeKids=&Adults=2&Kids=0&AgeKids=&Source=HotelList&IsPackage=false&placeId=54455&placeType=6", "address": "Blvr Kukulk\u00e1n km 10, Zona Hotelera Canc\u00fan,\u00a0Quintana Roo\n               M\u00e9xico", "date": "2016-07-17 21:48:28", "longitud": "-86.77535489814761"},
{"latitud": "21.077625016520372", "city": "Canc\u00fan,\u00a0Quintana Roo", "name": "Riu Canc\u00fan", "price": [], "source": "price", "link": "http://www.pricetravel.com.mx/riu-cancun/hotel-detalle?CheckIn=1900-01-01&CheckOut=1900-01-01&Rooms=1&Room1.Adults=2&Room1.Kids=0&Room1.AgeKids=&Adults=2&Kids=0&AgeKids=&Source=HotelList&IsPackage=false&placeId=54455&placeType=6", "address": "Blvr Kukulcan km 9, M 50 L 5, Zona Hotelera Canc\u00fan,\u00a0Quintana Roo\n               M\u00e9xico", "date": "2016-07-17 21:48:29", "longitud": "-86.77535489814761"},
{"latitud": "21.077625016520372", "city": "Canc\u00fan,\u00a0Quintana Roo", "name": "Hotel Parador", "price": [], "source": "price", "link": "http://www.pricetravel.com.mx/hotel-parador/hotel-detalle?CheckIn=1900-01-01&CheckOut=1900-01-01&Rooms=1&Room1.Adults=2&Room1.Kids=0&Room1.AgeKids=&Adults=2&Kids=0&AgeKids=&Source=HotelList&IsPackage=false&placeId=54455&placeType=6", "address": "Av Tulum 26, SM 5 Mz 5 L 1, Col Centro Canc\u00fan,\u00a0Quintana Roo\n               M\u00e9xico", "date": "2016-07-17 21:48:29", "longitud": "-86.77535489814761"},
{"latitud": "21.077625016520372", "city": "Canc\u00fan,\u00a0Quintana Roo", "name": "Ocean Spa Hotel", "price": [], "source": "price", "link": "http://www.pricetravel.com.mx/ocean-spa-hotel/hotel-detalle?CheckIn=1900-01-01&CheckOut=1900-01-01&Rooms=1&Room1.Adults=2&Room1.Kids=0&Room1.AgeKids=&Adults=2&Kids=0&AgeKids=&Source=HotelList&IsPackage=false&placeId=54455&placeType=6", "address": "Blvr Kukulkan km 3.5, Zona Hotelera Canc\u00fan,\u00a0Quintana Roo\n               M\u00e9xico", "date": "2016-07-17 21:48:29", "longitud": "-86.77535489814761"},
{"latitud": "21.077625016520372", "city": "Canc\u00fan,\u00a0Quintana Roo", "name": "The Westin Resort and Spa Cancun", "price": [], "source": "price", "link": "http://www.pricetravel.com.mx/westin-resort-spa-cancun/hotel-detalle?CheckIn=1900-01-01&CheckOut=1900-01-01&Rooms=1&Room1.Adults=2&Room1.Kids=0&Room1.AgeKids=&Adults=2&Kids=0&AgeKids=&Source=HotelList&IsPackage=false&placeId=54455&placeType=6", "address": "Blvr Kukulcan km 20, Zona Hotelera Canc\u00fan,\u00a0Quintana Roo\n               M\u00e9xico", "date": "2016-07-17 21:48:30", "longitud": "-86.77535489814761"},
{"latitud": "21.077625016520372", "city": "Canc\u00fan,\u00a0Quintana Roo", "name": "Hotel Calypso Canc\u00fan", "price": [], "source": "price", "link": "http://www.pricetravel.com.mx/hotel-calypso-cancun/hotel-detalle?CheckIn=1900-01-01&CheckOut=1900-01-01&Rooms=1&Room1.Adults=2&Room1.Kids=0&Room1.AgeKids=&Adults=2&Kids=0&AgeKids=&Source=HotelList&IsPackage=false&placeId=54455&placeType=6", "address": "Blvr Kukulcan km 4 L D-8-0, Zona Hotelera Canc\u00fan,\u00a0Quintana Roo\n               M\u00e9xico", "date": "2016-07-17 21:48:30", "longitud": "-86.77535489814761"},
{"latitud": "21.077625016520372", "city": "Canc\u00fan,\u00a0Quintana Roo", "name": "Four Points by Sheraton Canc\u00fan Centro", "price": [], "source": "price", "link": "http://www.pricetravel.com.mx/four-points-by-sheraton-cancun-centro/hotel-detalle?CheckIn=1900-01-01&CheckOut=1900-01-01&Rooms=1&Room1.Adults=2&Room1.Kids=0&Room1.AgeKids=&Adults=2&Kids=0&AgeKids=&Source=HotelList&IsPackage=false&placeId=54455&placeType=6", "address": "Av Tulum, SM 12 M 1 L 2 Canc\u00fan,\u00a0Quintana Roo\n               M\u00e9xico", "date": "2016-07-17 21:48:31", "longitud": "-86.77535489814761"},
{"latitud": "21.077625016520372", "city": "Canc\u00fan,\u00a0Quintana Roo", "name": "Beach Palace", "price": [], "source": "price", "link": "http://www.pricetravel.com.mx/beach-palace/hotel-detalle?CheckIn=1900-01-01&CheckOut=1900-01-01&Rooms=1&Room1.Adults=2&Room1.Kids=0&Room1.AgeKids=&Adults=2&Kids=0&AgeKids=&Source=HotelList&IsPackage=false&placeId=54455&placeType=6", "address": "Blvr Kukulc\u00e1n km 11.5, Zona Hotelera Canc\u00fan,\u00a0Quintana Roo\n               M\u00e9xico", "date": "2016-07-17 21:48:31", "longitud": "-86.77535489814761"},
{"latitud": "21.077625016520372", "city": "Canc\u00fan,\u00a0Quintana Roo", "name": "Hotel Ramada Canc\u00fan City", "price": [], "source": "price", "link": "http://www.pricetravel.com.mx/hotel-ramada-cancun-city/hotel-detalle?CheckIn=1900-01-01&CheckOut=1900-01-01&Rooms=1&Room1.Adults=2&Room1.Kids=0&Room1.AgeKids=&Adults=2&Kids=0&AgeKids=&Source=HotelList&IsPackage=false&placeId=54455&placeType=6", "address": "Av Yaxchil\u00e1n #41, SM 22 Canc\u00fan,\u00a0Quintana Roo\n               M\u00e9xico", "date": "2016-07-17 21:48:32", "longitud": "-86.77535489814761"},
{"latitud": "21.077625016520372", "city": "Canc\u00fan,\u00a0Quintana Roo", "name": "Hyatt Zilara Canc\u00fan - All Inclusive", "price": [], "source": "price", "link": "http://www.pricetravel.com.mx/hyatt-zilara-cancun-all-inclusive/hotel-detalle?CheckIn=1900-01-01&CheckOut=1900-01-01&Rooms=1&Room1.Adults=2&Room1.Kids=0&Room1.AgeKids=&Adults=2&Kids=0&AgeKids=&Source=HotelList&IsPackage=false&placeId=54455&placeType=6", "address": "Blvr Kukulc\u00e1n km 11.5, Zona Hotelera Canc\u00fan,\u00a0Quintana Roo\n               M\u00e9xico", "date": "2016-07-17 21:48:33", "longitud": "-86.77535489814761"},
{"latitud": "21.077625016520372", "city": "Canc\u00fan,\u00a0Quintana Roo", "name": "Salvia Canc\u00fan", "price": [], "source": "price", "link": "http://www.pricetravel.com.mx/salvia-cancun/hotel-detalle?CheckIn=1900-01-01&CheckOut=1900-01-01&Rooms=1&Room1.Adults=2&Room1.Kids=0&Room1.AgeKids=&Adults=2&Kids=0&AgeKids=&Source=HotelList&IsPackage=false&placeId=54455&placeType=6", "address": "Blvr Kukulc\u00e1n km 9.5, Zona Hotelera Canc\u00fan,\u00a0Quintana Roo\n               M\u00e9xico", "date": "2016-07-17 21:48:33", "longitud": "-86.77535489814761"},
{"latitud": "21.077625016520372", "city": "Canc\u00fan,\u00a0Quintana Roo", "name": "Le Blanc Spa Resort", "price": [], "source": "price", "link": "http://www.pricetravel.com.mx/le-blanc-spa-resort/hotel-detalle?CheckIn=1900-01-01&CheckOut=1900-01-01&Rooms=1&Room1.Adults=2&Room1.Kids=0&Room1.AgeKids=&Adults=2&Kids=0&AgeKids=&Source=HotelList&IsPackage=false&placeId=54455&placeType=6", "address": "Blvr Kukulcan km 10, Zona Hotelera Canc\u00fan,\u00a0Quintana Roo\n               M\u00e9xico", "date": "2016-07-17 21:48:34", "longitud": "-86.77535489814761"},
{"latitud": "21.077625016520372", "city": "Canc\u00fan,\u00a0Quintana Roo", "name": "Fiesta Inn Canc\u00fan Las Am\u00e9ricas", "price": [], "source": "price", "link": "http://www.pricetravel.com.mx/fiesta-inn-cancun-las-americas/hotel-detalle?CheckIn=1900-01-01&CheckOut=1900-01-01&Rooms=1&Room1.Adults=2&Room1.Kids=0&Room1.AgeKids=&Adults=2&Kids=0&AgeKids=&Source=HotelList&IsPackage=false&placeId=54455&placeType=6", "address": "Av Bonampak SM 6 MZ 1 L 1 Canc\u00fan,\u00a0Quintana Roo\n               M\u00e9xico", "date": "2016-07-17 21:48:34", "longitud": "-86.77535489814761"},
{"latitud": "21.077625016520372", "city": "Canc\u00fan,\u00a0Quintana Roo", "name": "Riu Caribe", "price": [], "source": "price", "link": "http://www.pricetravel.com.mx/riu-caribe/hotel-detalle?CheckIn=1900-01-01&CheckOut=1900-01-01&Rooms=1&Room1.Adults=2&Room1.Kids=0&Room1.AgeKids=&Adults=2&Kids=0&AgeKids=&Source=HotelList&IsPackage=false&placeId=54455&placeType=6", "address": "Blvr Kukulcan km 5.5, L 6-C, Zona Hotelera Canc\u00fan,\u00a0Quintana Roo\n               M\u00e9xico", "date": "2016-07-17 21:48:35", "longitud": "-86.77535489814761"},
{"latitud": "21.077625016520372", "city": "Canc\u00fan,\u00a0Quintana Roo", "name": "Sun Palace", "price": [], "source": "price", "link": "http://www.pricetravel.com.mx/sun-palace/hotel-detalle?CheckIn=1900-01-01&CheckOut=1900-01-01&Rooms=1&Room1.Adults=2&Room1.Kids=0&Room1.AgeKids=&Adults=2&Kids=0&AgeKids=&Source=HotelList&IsPackage=false&placeId=54455&placeType=6", "address": "Blvr Kukulcan km 20.5, Zona Hotelera Canc\u00fan,\u00a0Quintana Roo\n               M\u00e9xico", "date": "2016-07-17 21:48:35", "longitud": "-86.77535489814761"},
{"latitud": "21.077625016520372", "city": "Canc\u00fan,\u00a0Quintana Roo", "name": "The Beloved Hotel Playa Mujeres Boutique All Inclusive", "price": [], "source": "price", "link": "http://www.pricetravel.com.mx/the-beloved-hotel-playa-mujeres-boutique-all-inclusive/hotel-detalle?CheckIn=1900-01-01&CheckOut=1900-01-01&Rooms=1&Room1.Adults=2&Room1.Kids=0&Room1.AgeKids=&Adults=2&Kids=0&AgeKids=&Source=HotelList&IsPackage=false&placeId=54455&placeType=6", "address": "Condominio Playa Mujeres Lote 34, Manzana 1 Canc\u00fan,\u00a0Quintana Roo\n               M\u00e9xico", "date": "2016-07-17 21:48:36", "longitud": "-86.77535489814761"},
{"latitud": "21.077625016520372", "city": "Canc\u00fan,\u00a0Quintana Roo", "name": "Sotavento Hotel & Yacht Club", "price": [], "source": "price", "link": "http://www.pricetravel.com.mx/sotavento-hotel-yacht-club/hotel-detalle?CheckIn=1900-01-01&CheckOut=1900-01-01&Rooms=1&Room1.Adults=2&Room1.Kids=0&Room1.AgeKids=&Adults=2&Kids=0&AgeKids=&Source=HotelList&IsPackage=false&placeId=54455&placeType=6", "address": "Blvr Kukulk\u00e1n km 4, Calle del Pescador L D-8-4, Zona Hotelera Canc\u00fan,\u00a0Quintana Roo\n               M\u00e9xico", "date": "2016-07-17 21:48:36", "longitud": "-86.77535489814761"},
{"latitud": "21.077625016520372", "city": "Canc\u00fan,\u00a0Quintana Roo", "name": "Paradisus Canc\u00fan Todo Incluido by Meli\u00e1", "price": [], "source": "price", "link": "http://www.pricetravel.com.mx/paradisus-cancun-todo-incluido-by-melia/hotel-detalle?CheckIn=1900-01-01&CheckOut=1900-01-01&Rooms=1&Room1.Adults=2&Room1.Kids=0&Room1.AgeKids=&Adults=2&Kids=0&AgeKids=&Source=HotelList&IsPackage=false&placeId=54455&placeType=6", "address": "Blvr Kukulc\u00e1n km 16.5, Zona Hotelera Canc\u00fan,\u00a0Quintana Roo\n               M\u00e9xico", "date": "2016-07-17 21:48:37", "longitud": "-86.77535489814761"},
{"latitud": "21.077625016520372", "city": "Canc\u00fan,\u00a0Quintana Roo", "name": "Park Royal Canc\u00fan", "price": [], "source": "price", "link": "http://www.pricetravel.com.mx/park-royal-cancun/hotel-detalle?CheckIn=1900-01-01&CheckOut=1900-01-01&Rooms=1&Room1.Adults=2&Room1.Kids=0&Room1.AgeKids=&Adults=2&Kids=0&AgeKids=&Source=HotelList&IsPackage=false&placeId=54455&placeType=6", "address": "Blvr Kukulcan km 12.5, Zona Hotelera Canc\u00fan,\u00a0Quintana Roo\n               M\u00e9xico", "date": "2016-07-17 21:48:37", "longitud": "-86.77535489814761"},
{"latitud": "21.077625016520372", "city": "Canc\u00fan,\u00a0Quintana Roo", "name": "Riu Palace Las Am\u00e9ricas", "price": [], "source": "price", "link": "http://www.pricetravel.com.mx/riu-palace-las-americas/hotel-detalle?CheckIn=1900-01-01&CheckOut=1900-01-01&Rooms=1&Room1.Adults=2&Room1.Kids=0&Room1.AgeKids=&Adults=2&Kids=0&AgeKids=&Source=HotelList&IsPackage=false&placeId=54455&placeType=6", "address": "Blvr Kukulc\u00e1n km 8.5, Zona Hotelera Canc\u00fan,\u00a0Quintana Roo\n               M\u00e9xico", "date": "2016-07-17 21:48:38", "longitud": "-86.77535489814761"},
{"latitud": "21.077625016520372", "city": "Canc\u00fan,\u00a0Quintana Roo", "name": "Hotel Plaza Kokai Canc\u00fan", "price": [], "source": "price", "link": "http://www.pricetravel.com.mx/hotel-plaza-kokai-cancun/hotel-detalle?CheckIn=1900-01-01&CheckOut=1900-01-01&Rooms=1&Room1.Adults=2&Room1.Kids=0&Room1.AgeKids=&Adults=2&Kids=0&AgeKids=&Source=HotelList&IsPackage=false&placeId=54455&placeType=6", "address": "Av Uxmal 26 SM 2A, Col Centro Canc\u00fan,\u00a0Quintana Roo\n               M\u00e9xico", "date": "2016-07-17 21:48:38", "longitud": "-86.77535489814761"},
{"latitud": "21.077625016520372", "city": "Canc\u00fan,\u00a0Quintana Roo", "name": "Hotel Yalmakan", "price": [], "source": "price", "link": "http://www.pricetravel.com.mx/hotel-yalmakan/hotel-detalle?CheckIn=1900-01-01&CheckOut=1900-01-01&Rooms=1&Room1.Adults=2&Room1.Kids=0&Room1.AgeKids=&Adults=2&Kids=0&AgeKids=&Source=HotelList&IsPackage=false&placeId=54455&placeType=6", "address": "Blvr Kukulc\u00e1n km 19.5, Zona Hotelera Canc\u00fan,\u00a0Quintana Roo\n               M\u00e9xico", "date": "2016-07-17 21:48:39", "longitud": "-86.77535489814761"},
{"latitud": "21.077625016520372", "city": "Canc\u00fan,\u00a0Quintana Roo", "name": "Comfort Inn Canc\u00fan Aeropuerto", "price": [], "source": "price", "link": "http://www.pricetravel.com.mx/comfort-inn-cancun-aeropuerto/hotel-detalle?CheckIn=1900-01-01&CheckOut=1900-01-01&Rooms=1&Room1.Adults=2&Room1.Kids=0&Room1.AgeKids=&Adults=2&Kids=0&AgeKids=&Source=HotelList&IsPackage=false&placeId=54455&placeType=6", "address": "Carr Canc\u00fan-Aeropuerto SM 301 M 4 L 5 Canc\u00fan,\u00a0Quintana Roo\n               M\u00e9xico", "date": "2016-07-17 21:48:39", "longitud": "-86.77535489814761"},
{"latitud": "21.077625016520372", "city": "Canc\u00fan,\u00a0Quintana Roo", "name": "Bsea Canc\u00fan Plaza", "price": [], "source": "price", "link": "http://www.pricetravel.com.mx/bsea-cancun-plaza/hotel-detalle?CheckIn=1900-01-01&CheckOut=1900-01-01&Rooms=1&Room1.Adults=2&Room1.Kids=0&Room1.AgeKids=&Adults=2&Kids=0&AgeKids=&Source=HotelList&IsPackage=false&placeId=54455&placeType=6", "address": "Blvr Kukulc\u00e1n km 20.5, Zona Hotelera Canc\u00fan,\u00a0Quintana Roo\n               M\u00e9xico", "date": "2016-07-17 21:48:39", "longitud": "-86.77535489814761"},
{"latitud": "21.077625016520372", "city": "Canc\u00fan,\u00a0Quintana Roo", "name": "One Canc\u00fan Centro", "price": [], "source": "price", "link": "http://www.pricetravel.com.mx/one-cancun-centro/hotel-detalle?CheckIn=1900-01-01&CheckOut=1900-01-01&Rooms=1&Room1.Adults=2&Room1.Kids=0&Room1.AgeKids=&Adults=2&Kids=0&AgeKids=&Source=HotelList&IsPackage=false&placeId=54455&placeType=6", "address": "Av Tulum esq Banco Chinchorro Lt 1-01 M 2, SM 13 Canc\u00fan,\u00a0Quintana Roo\n               M\u00e9xico", "date": "2016-07-17 21:48:41", "longitud": "-86.77535489814761"},
{"latitud": "21.077625016520372", "city": "Canc\u00fan,\u00a0Quintana Roo", "name": "Hotel Soberanis", "price": [], "source": "price", "link": "http://www.pricetravel.com.mx/hotel-soberanis/hotel-detalle?CheckIn=1900-01-01&CheckOut=1900-01-01&Rooms=1&Room1.Adults=2&Room1.Kids=0&Room1.AgeKids=&Adults=2&Kids=0&AgeKids=&Source=HotelList&IsPackage=false&placeId=54455&placeType=6", "address": "Av Cob\u00e1 SM 22 M 8 L 5 y 7 Canc\u00fan,\u00a0Quintana Roo\n               M\u00e9xico", "date": "2016-07-17 21:48:42", "longitud": "-86.77535489814761"},
{"latitud": "21.077625016520372", "city": "Canc\u00fan,\u00a0Quintana Roo", "name": "Adhara Hacienda Canc\u00fan", "price": [], "source": "price", "link": "http://www.pricetravel.com.mx/adhara-hacienda-cancun/hotel-detalle?CheckIn=1900-01-01&CheckOut=1900-01-01&Rooms=1&Room1.Adults=2&Room1.Kids=0&Room1.AgeKids=&Adults=2&Kids=0&AgeKids=&Source=HotelList&IsPackage=false&placeId=54455&placeType=6", "address": "Av Carlos Nader 1,2,3 SM 1 M 2 Canc\u00fan,\u00a0Quintana Roo\n               M\u00e9xico", "date": "2016-07-17 21:48:42", "longitud": "-86.77535489814761"},
{"latitud": "21.077625016520372", "city": "Canc\u00fan,\u00a0Quintana Roo", "name": "Live Aqua Canc\u00fan Todo Incluido -S\u00f3lo Adultos", "price": [], "source": "price", "link": "http://www.pricetravel.com.mx/live-aqua-all-inclusive-adults-only/hotel-detalle?CheckIn=1900-01-01&CheckOut=1900-01-01&Rooms=1&Room1.Adults=2&Room1.Kids=0&Room1.AgeKids=&Adults=2&Kids=0&AgeKids=&Source=HotelList&IsPackage=false&placeId=54455&placeType=6", "address": "Blvr Kukulkan km 12.5, Zona Hotelera Canc\u00fan,\u00a0Quintana Roo\n               M\u00e9xico", "date": "2016-07-17 21:48:43", "longitud": "-86.77535489814761"},
{"latitud": "21.077625016520372", "city": "Canc\u00fan,\u00a0Quintana Roo", "name": "Grand Oasis Sens", "price": [], "source": "price", "link": "http://www.pricetravel.com.mx/grand-oasis-sens/hotel-detalle?CheckIn=1900-01-01&CheckOut=1900-01-01&Rooms=1&Room1.Adults=2&Room1.Kids=0&Room1.AgeKids=&Adults=2&Kids=0&AgeKids=&Source=HotelList&IsPackage=false&placeId=54455&placeType=6", "address": "Blvr Kukulcan km 19.5, Zona Hotelera Canc\u00fan,\u00a0Quintana Roo\n               M\u00e9xico", "date": "2016-07-17 21:48:43", "longitud": "-86.77535489814761"},
{"latitud": "21.077625016520372", "city": "Canc\u00fan,\u00a0Quintana Roo", "name": "Aloft Canc\u00fan", "price": [], "source": "price", "link": "http://www.pricetravel.com.mx/aloft-cancun/hotel-detalle?CheckIn=1900-01-01&CheckOut=1900-01-01&Rooms=1&Room1.Adults=2&Room1.Kids=0&Room1.AgeKids=&Adults=2&Kids=0&AgeKids=&Source=HotelList&IsPackage=false&placeId=54455&placeType=6", "address": "Blvr Kukulc\u00e1n km 9, M 48 L 8-01, Zona Hotelera Canc\u00fan,\u00a0Quintana Roo\n               M\u00e9xico", "date": "2016-07-17 21:48:43", "longitud": "-86.77535489814761"},
{"latitud": "21.077625016520372", "city": "Canc\u00fan,\u00a0Quintana Roo", "name": "Temptation Resort Spa Canc\u00fan", "price": [], "source": "price", "link": "http://www.pricetravel.com.mx/temptation-resort-spa-cancun/hotel-detalle?CheckIn=1900-01-01&CheckOut=1900-01-01&Rooms=1&Room1.Adults=2&Room1.Kids=0&Room1.AgeKids=&Adults=2&Kids=0&AgeKids=&Source=HotelList&IsPackage=false&placeId=54455&placeType=6", "address": "Blvr Kukulcan km 3.5, Zona Hotelera Canc\u00fan,\u00a0Quintana Roo\n               M\u00e9xico", "date": "2016-07-17 21:48:44", "longitud": "-86.77535489814761"},
{"latitud": "21.077625016520372", "city": "Canc\u00fan,\u00a0Quintana Roo", "name": "GR Solaris Cancun Resort & Spa All Inclusive", "price": [], "source": "price", "link": "http://www.pricetravel.com.mx/gr-solaris-cancun-resort-spa-all-inclusive/hotel-detalle?CheckIn=1900-01-01&CheckOut=1900-01-01&Rooms=1&Room1.Adults=2&Room1.Kids=0&Room1.AgeKids=&Adults=2&Kids=0&AgeKids=&Source=HotelList&IsPackage=false&placeId=54455&placeType=6", "address": "Blvr Kukulcan km 19.5, Zona Hotelera Canc\u00fan,\u00a0Quintana Roo\n               M\u00e9xico", "date": "2016-07-17 21:48:44", "longitud": "-86.77535489814761"},
{"latitud": "21.077625016520372", "city": "Canc\u00fan,\u00a0Quintana Roo", "name": "Gran Caribe Resort & Spa", "price": [], "source": "price", "link": "http://www.pricetravel.com.mx/gran-caribe-resort-spa/hotel-detalle?CheckIn=1900-01-01&CheckOut=1900-01-01&Rooms=1&Room1.Adults=2&Room1.Kids=0&Room1.AgeKids=&Adults=2&Kids=0&AgeKids=&Source=HotelList&IsPackage=false&placeId=54455&placeType=6", "address": "Blvr Kukulc\u00e1n km 11.5, Zona Hotelera Canc\u00fan,\u00a0Quintana Roo\n               M\u00e9xico", "date": "2016-07-17 21:48:45", "longitud": "-86.77535489814761"},
{"latitud": "21.077625016520372", "city": "Canc\u00fan,\u00a0Quintana Roo", "name": "Riu Palace Pen\u00ednsula", "price": [], "source": "price", "link": "http://www.pricetravel.com.mx/riu-palace-peninsula/hotel-detalle?CheckIn=1900-01-01&CheckOut=1900-01-01&Rooms=1&Room1.Adults=2&Room1.Kids=0&Room1.AgeKids=&Adults=2&Kids=0&AgeKids=&Source=HotelList&IsPackage=false&placeId=54455&placeType=6", "address": "Blvr Kukulcan km 5.5, L 6-C, Zona Hotelera Canc\u00fan,\u00a0Quintana Roo\n               M\u00e9xico", "date": "2016-07-17 21:48:46", "longitud": "-86.77535489814761"},
{"latitud": "21.077625016520372", "city": "Canc\u00fan,\u00a0Quintana Roo", "name": "Excellence Playa Mujeres", "price": [], "source": "price", "link": "http://www.pricetravel.com.mx/excellence-playa-mujeres/hotel-detalle?CheckIn=1900-01-01&CheckOut=1900-01-01&Rooms=1&Room1.Adults=2&Room1.Kids=0&Room1.AgeKids=&Adults=2&Kids=0&AgeKids=&Source=HotelList&IsPackage=false&placeId=54455&placeType=6", "address": "Condominio Playa Mujeres Canc\u00fan,\u00a0Quintana Roo\n               M\u00e9xico", "date": "2016-07-17 21:48:46", "longitud": "-86.77535489814761"},
{"latitud": "21.077625016520372", "city": "Canc\u00fan,\u00a0Quintana Roo", "name": "Hotel Kin Mayab", "price": [], "source": "price", "link": "http://www.pricetravel.com.mx/hotel-kin-mayab/hotel-detalle?CheckIn=1900-01-01&CheckOut=1900-01-01&Rooms=1&Room1.Adults=2&Room1.Kids=0&Room1.AgeKids=&Adults=2&Kids=0&AgeKids=&Source=HotelList&IsPackage=false&placeId=54455&placeType=6", "address": "Av Tulum 75, SM 22 M 26 Canc\u00fan,\u00a0Quintana Roo\n               M\u00e9xico", "date": "2016-07-17 21:48:47", "longitud": "-86.77535489814761"},
{"latitud": "21.077625016520372", "city": "Canc\u00fan,\u00a0Quintana Roo", "name": "Oh! The Urban Oasis", "price": [], "source": "price", "link": "http://www.pricetravel.com.mx/oh-the-urban-oasis/hotel-detalle?CheckIn=1900-01-01&CheckOut=1900-01-01&Rooms=1&Room1.Adults=2&Room1.Kids=0&Room1.AgeKids=&Adults=2&Kids=0&AgeKids=&Source=HotelList&IsPackage=false&placeId=54455&placeType=6", "address": "Av Tul\u00fam, esq Brisas, Col Centro Canc\u00fan,\u00a0Quintana Roo\n               M\u00e9xico", "date": "2016-07-17 21:48:47", "longitud": "-86.77535489814761"},
{"latitud": "21.077625016520372", "city": "Canc\u00fan,\u00a0Quintana Roo", "name": "Suites Brisas", "price": [], "source": "price", "link": "http://www.pricetravel.com.mx/suites-brisas/hotel-detalle?CheckIn=1900-01-01&CheckOut=1900-01-01&Rooms=1&Room1.Adults=2&Room1.Kids=0&Room1.AgeKids=&Adults=2&Kids=0&AgeKids=&Source=HotelList&IsPackage=false&placeId=54455&placeType=6", "address": "Blvd Kukulcan km 19, Zona Hotelera Canc\u00fan,\u00a0Quintana Roo\n               M\u00e9xico", "date": "2016-07-17 21:48:48", "longitud": "-86.77535489814761"},
{"latitud": "21.077625016520372", "city": "Canc\u00fan,\u00a0Quintana Roo", "name": "Suites Gaby", "price": [], "source": "price", "link": "http://www.pricetravel.com.mx/suites-gaby/hotel-detalle?CheckIn=1900-01-01&CheckOut=1900-01-01&Rooms=1&Room1.Adults=2&Room1.Kids=0&Room1.AgeKids=&Adults=2&Kids=0&AgeKids=&Source=HotelList&IsPackage=false&placeId=54455&placeType=6", "address": "Av Sunyaxchen, M 2 SM 25 L 46 y 47 Canc\u00fan,\u00a0Quintana Roo\n               M\u00e9xico", "date": "2016-07-17 21:48:48", "longitud": "-86.77535489814761"},
{"latitud": "21.077625016520372", "city": "Canc\u00fan,\u00a0Quintana Roo", "name": "CasaMagna Marriott Canc\u00fan", "price": [], "source": "price", "link": "http://www.pricetravel.com.mx/casamagna-marriott-cancun/hotel-detalle?CheckIn=1900-01-01&CheckOut=1900-01-01&Rooms=1&Room1.Adults=2&Room1.Kids=0&Room1.AgeKids=&Adults=2&Kids=0&AgeKids=&Source=HotelList&IsPackage=false&placeId=54455&placeType=6", "address": "Blvr Kukulc\u00e1n Retorno Chac L 41, Zona Hotelera Canc\u00fan,\u00a0Quintana Roo\n               M\u00e9xico", "date": "2016-07-17 21:48:49", "longitud": "-86.77535489814761"},
{"latitud": "21.077625016520372", "city": "Canc\u00fan,\u00a0Quintana Roo", "name": "Real Inn Canc\u00fan", "price": [], "source": "price", "link": "http://www.pricetravel.com.mx/real-inn-cancun/hotel-detalle?CheckIn=1900-01-01&CheckOut=1900-01-01&Rooms=1&Room1.Adults=2&Room1.Kids=0&Room1.AgeKids=&Adults=2&Kids=0&AgeKids=&Source=HotelList&IsPackage=false&placeId=54455&placeType=6", "address": "Blvr Kukulc\u00e1n km 5.5 Canc\u00fan,\u00a0Quintana Roo\n               M\u00e9xico", "date": "2016-07-17 21:48:49", "longitud": "-86.77535489814761"},
{"latitud": "21.077625016520372", "city": "Canc\u00fan,\u00a0Quintana Roo", "name": "Terracaribe Hotel Boutique", "price": [], "source": "price", "link": "http://www.pricetravel.com.mx/terracaribe-hotel-boutique/hotel-detalle?CheckIn=1900-01-01&CheckOut=1900-01-01&Rooms=1&Room1.Adults=2&Room1.Kids=0&Room1.AgeKids=&Adults=2&Kids=0&AgeKids=&Source=HotelList&IsPackage=false&placeId=54455&placeType=6", "address": "Av L\u00f3pez Portillo 70 esq Bonampak Canc\u00fan,\u00a0Quintana Roo\n               M\u00e9xico", "date": "2016-07-17 21:48:50", "longitud": "-86.77535489814761"},
{"latitud": "21.077625016520372", "city": "Canc\u00fan,\u00a0Quintana Roo", "name": "LQ Hotel by La Quinta Canc\u00fan", "price": [], "source": "price", "link": "http://www.pricetravel.com.mx/lq-hotel-by-la-quinta-cancun/hotel-detalle?CheckIn=1900-01-01&CheckOut=1900-01-01&Rooms=1&Room1.Adults=2&Room1.Kids=0&Room1.AgeKids=&Adults=2&Kids=0&AgeKids=&Source=HotelList&IsPackage=false&placeId=54455&placeType=6", "address": "Av Tulum SM 4 M 14 L 2 Canc\u00fan,\u00a0Quintana Roo\n               M\u00e9xico", "date": "2016-07-17 21:48:50", "longitud": "-86.77535489814761"},
{"latitud": "21.077625016520372", "city": "Canc\u00fan,\u00a0Quintana Roo", "name": "Hotel Margaritas Canc\u00fan", "price": [], "source": "price", "link": "http://www.pricetravel.com.mx/hotel-margaritas-cancun/hotel-detalle?CheckIn=1900-01-01&CheckOut=1900-01-01&Rooms=1&Room1.Adults=2&Room1.Kids=0&Room1.AgeKids=&Adults=2&Kids=0&AgeKids=&Source=HotelList&IsPackage=false&placeId=54455&placeType=6", "address": "Av Nader 1 Canc\u00fan,\u00a0Quintana Roo\n               M\u00e9xico", "date": "2016-07-17 21:48:52", "longitud": "-86.77535489814761"},
{"latitud": "21.077625016520372", "city": "Canc\u00fan,\u00a0Quintana Roo", "name": "Smart Canc\u00fan by Oasis", "price": [], "source": "price", "link": "http://www.pricetravel.com.mx/smart-cancun-by-oasis/hotel-detalle?CheckIn=1900-01-01&CheckOut=1900-01-01&Rooms=1&Room1.Adults=2&Room1.Kids=0&Room1.AgeKids=&Adults=2&Kids=0&AgeKids=&Source=HotelList&IsPackage=false&placeId=54455&placeType=6", "address": "Av Tulum, esq Brisas, Col Centro Canc\u00fan,\u00a0Quintana Roo\n               M\u00e9xico", "date": "2016-07-17 21:48:52", "longitud": "-86.77535489814761"},
{"latitud": "21.077625016520372", "city": "Canc\u00fan,\u00a0Quintana Roo", "name": "Fiesta Americana Villas Canc\u00fan", "price": [], "source": "price", "link": "http://www.pricetravel.com.mx/fiesta-americana-villas-cancun/hotel-detalle?CheckIn=1900-01-01&CheckOut=1900-01-01&Rooms=1&Room1.Adults=2&Room1.Kids=0&Room1.AgeKids=&Adults=2&Kids=0&AgeKids=&Source=HotelList&IsPackage=false&placeId=54455&placeType=6", "address": "Blvr Kukulkan km 8.5, Zona Hotelera Canc\u00fan,\u00a0Quintana Roo\n               M\u00e9xico", "date": "2016-07-17 21:48:53", "longitud": "-86.77535489814761"},
{"latitud": "21.077625016520372", "city": "Canc\u00fan,\u00a0Quintana Roo", "name": "Sunset Marina Resort & Yacht Club", "price": [], "source": "price", "link": "http://www.pricetravel.com.mx/sunset-marina-resort-yacht-club/hotel-detalle?CheckIn=1900-01-01&CheckOut=1900-01-01&Rooms=1&Room1.Adults=2&Room1.Kids=0&Room1.AgeKids=&Adults=2&Kids=0&AgeKids=&Source=HotelList&IsPackage=false&placeId=54455&placeType=6", "address": "Blvd Kukulc\u00e1n km 5.8, Zona Hotelera Canc\u00fan,\u00a0Quintana Roo\n               M\u00e9xico", "date": "2016-07-17 21:48:53", "longitud": "-86.77535489814761"},
{"latitud": "21.077625016520372", "city": "Canc\u00fan,\u00a0Quintana Roo", "name": "Courtyard by Marriott Canc\u00fan Aeropuerto", "price": [], "source": "price", "link": "http://www.pricetravel.com.mx/courtyard-by-marriott-cancun-aeropuerto/hotel-detalle?CheckIn=1900-01-01&CheckOut=1900-01-01&Rooms=1&Room1.Adults=2&Room1.Kids=0&Room1.AgeKids=&Adults=2&Kids=0&AgeKids=&Source=HotelList&IsPackage=false&placeId=54455&placeType=6", "address": "Blvr Luis Donaldo Colosio km 12.5, L 1 SM 301 Canc\u00fan,\u00a0Quintana Roo\n               M\u00e9xico", "date": "2016-07-17 21:48:54", "longitud": "-86.77535489814761"},
{"latitud": "21.077625016520372", "city": "Canc\u00fan,\u00a0Quintana Roo", "name": "Bel Air Collection Resort & Spa Canc\u00fan", "price": [], "source": "price", "link": "http://www.pricetravel.com.mx/bel-air-collection-resort-spa-cancun/hotel-detalle?CheckIn=1900-01-01&CheckOut=1900-01-01&Rooms=1&Room1.Adults=2&Room1.Kids=0&Room1.AgeKids=&Adults=2&Kids=0&AgeKids=&Source=HotelList&IsPackage=false&placeId=54455&placeType=6", "address": "Blvr Kukulk\u00e1n km 20.5 Canc\u00fan,\u00a0Quintana Roo\n               M\u00e9xico", "date": "2016-07-17 21:48:54", "longitud": "-86.77535489814761"},
{"latitud": "21.077625016520372", "city": "Canc\u00fan,\u00a0Quintana Roo", "name": "Beachscape Kin Ha Villas & Suites Canc\u00fan", "price": [], "source": "price", "link": "http://www.pricetravel.com.mx/beachscape-kin-ha-villas-suites-cancun/hotel-detalle?CheckIn=1900-01-01&CheckOut=1900-01-01&Rooms=1&Room1.Adults=2&Room1.Kids=0&Room1.AgeKids=&Adults=2&Kids=0&AgeKids=&Source=HotelList&IsPackage=false&placeId=54455&placeType=6", "address": "Blvr Kukulcan km 8.5, Zona Hotelera Canc\u00fan,\u00a0Quintana Roo\n               M\u00e9xico", "date": "2016-07-17 21:48:54", "longitud": "-86.77535489814761"},
{"latitud": "21.077625016520372", "city": "Canc\u00fan,\u00a0Quintana Roo", "name": "Fiesta Americana Condesa Canc\u00fan All Inclusive", "price": [], "source": "price", "link": "http://www.pricetravel.com.mx/fiesta-americana-condesa-cancun-all-inclusive/hotel-detalle?CheckIn=1900-01-01&CheckOut=1900-01-01&Rooms=1&Room1.Adults=2&Room1.Kids=0&Room1.AgeKids=&Adults=2&Kids=0&AgeKids=&Source=HotelList&IsPackage=false&placeId=54455&placeType=6", "address": "Blvr Kukulk\u00e1n km 16.5, Zona Hotelera Canc\u00fan,\u00a0Quintana Roo\n               M\u00e9xico", "date": "2016-07-17 21:48:55", "longitud": "-86.77535489814761"},
{"latitud": "21.077625016520372", "city": "Canc\u00fan,\u00a0Quintana Roo", "name": "GR Caribe by Solaris Deluxe All Inclusive Resort", "price": [], "source": "price", "link": "http://www.pricetravel.com.mx/gr-caribe-by-solaris-deluxe-all-inclusive-resort/hotel-detalle?CheckIn=1900-01-01&CheckOut=1900-01-01&Rooms=1&Room1.Adults=2&Room1.Kids=0&Room1.AgeKids=&Adults=2&Kids=0&AgeKids=&Source=HotelList&IsPackage=false&placeId=54455&placeType=6", "address": "Blvr Kukulk\u00e1n L 64 bis, Zona Hotelera Canc\u00fan,\u00a0Quintana Roo\n               M\u00e9xico", "date": "2016-07-17 21:48:55", "longitud": "-86.77535489814761"},
{"latitud": "21.077625016520372", "city": "Canc\u00fan,\u00a0Quintana Roo", "name": "Hotel Casa Maya Canc\u00fan", "price": [], "source": "price", "link": "http://www.pricetravel.com.mx/hotel-casa-maya-cancun/hotel-detalle?CheckIn=1900-01-01&CheckOut=1900-01-01&Rooms=1&Room1.Adults=2&Room1.Kids=0&Room1.AgeKids=&Adults=2&Kids=0&AgeKids=&Source=HotelList&IsPackage=false&placeId=54455&placeType=6", "address": "Blvr Kukulc\u00e1n km 5.5, Zona Hotelera Canc\u00fan,\u00a0Quintana Roo\n               M\u00e9xico", "date": "2016-07-17 21:48:55", "longitud": "-86.77535489814761"},
{"latitud": "21.077625016520372", "city": "Canc\u00fan,\u00a0Quintana Roo", "name": "Omni Cancun Hotel & Villas", "price": [], "source": "price", "link": "http://www.pricetravel.com.mx/omni-cancun-hotel-villas/hotel-detalle?CheckIn=1900-01-01&CheckOut=1900-01-01&Rooms=1&Room1.Adults=2&Room1.Kids=0&Room1.AgeKids=&Adults=2&Kids=0&AgeKids=&Source=HotelList&IsPackage=false&placeId=54455&placeType=6", "address": "Blvr Kukulkan km 16.5, Zona Hotelera Canc\u00fan,\u00a0Quintana Roo\n               M\u00e9xico", "date": "2016-07-17 21:48:58", "longitud": "-86.77535489814761"},
{"latitud": "21.077625016520372", "city": "Canc\u00fan,\u00a0Quintana Roo", "name": "Villa del Palmar Cancun Luxury Beach Resort & Spa", "price": [], "source": "price", "link": "http://www.pricetravel.com.mx/villa-del-palmar-cancun-luxury-beach-resort-spa/hotel-detalle?CheckIn=1900-01-01&CheckOut=1900-01-01&Rooms=1&Room1.Adults=2&Room1.Kids=0&Room1.AgeKids=&Adults=2&Kids=0&AgeKids=&Source=HotelList&IsPackage=false&placeId=54455&placeType=6", "address": "Carr Punta Sam km 5.2, SM 2 M 9 L 3, Playa Mujeres Canc\u00fan,\u00a0Quintana Roo\n               M\u00e9xico", "date": "2016-07-17 21:48:58", "longitud": "-86.77535489814761"},
{"latitud": "21.077625016520372", "city": "Canc\u00fan,\u00a0Quintana Roo", "name": "Hotel Plaza Caribe", "price": [], "source": "price", "link": "http://www.pricetravel.com.mx/hotel-plaza-caribe/hotel-detalle?CheckIn=1900-01-01&CheckOut=1900-01-01&Rooms=1&Room1.Adults=2&Room1.Kids=0&Room1.AgeKids=&Adults=2&Kids=0&AgeKids=&Source=HotelList&IsPackage=false&placeId=54455&placeType=6", "address": "Av Tulum esq Avenida Uxmal Lote 19, SM 23 Canc\u00fan,\u00a0Quintana Roo\n               M\u00e9xico", "date": "2016-07-17 21:48:58", "longitud": "-86.77535489814761"},
{"latitud": "21.077625016520372", "city": "Canc\u00fan,\u00a0Quintana Roo", "name": "The Pyramid at Grand Oasis", "price": [], "source": "price", "link": "http://www.pricetravel.com.mx/the-pyramid-at-grand-oasis/hotel-detalle?CheckIn=1900-01-01&CheckOut=1900-01-01&Rooms=1&Room1.Adults=2&Room1.Kids=0&Room1.AgeKids=&Adults=2&Kids=0&AgeKids=&Source=HotelList&IsPackage=false&placeId=54455&placeType=6", "address": "Blvr Kukulc\u00e1n km 16.5, Zona Hotelera Canc\u00fan,\u00a0Quintana Roo\n               M\u00e9xico", "date": "2016-07-17 21:48:59", "longitud": "-86.77535489814761"},
{"latitud": "21.077625016520372", "city": "Canc\u00fan,\u00a0Quintana Roo", "name": "Grand Oasis Palm Canc\u00fan", "price": [], "source": "price", "link": "http://www.pricetravel.com.mx/grand-oasis-palm-cancun/hotel-detalle?CheckIn=1900-01-01&CheckOut=1900-01-01&Rooms=1&Room1.Adults=2&Room1.Kids=0&Room1.AgeKids=&Adults=2&Kids=0&AgeKids=&Source=HotelList&IsPackage=false&placeId=54455&placeType=6", "address": "Blvr Kukulc\u00e1n km 4.5, Zona Hotelera Canc\u00fan,\u00a0Quintana Roo\n               M\u00e9xico", "date": "2016-07-17 21:48:59", "longitud": "-86.77535489814761"},
{"latitud": "21.077625016520372", "city": "Canc\u00fan,\u00a0Quintana Roo", "name": "Grand Royal Lagoon", "price": [], "source": "price", "link": "http://www.pricetravel.com.mx/grand-royal-lagoon/hotel-detalle?CheckIn=1900-01-01&CheckOut=1900-01-01&Rooms=1&Room1.Adults=2&Room1.Kids=0&Room1.AgeKids=&Adults=2&Kids=0&AgeKids=&Source=HotelList&IsPackage=false&placeId=54455&placeType=6", "address": "Quetzal Secc B M 45 L 8-A km 7.5, Zona Hotelera Canc\u00fan,\u00a0Quintana Roo\n               M\u00e9xico", "date": "2016-07-17 21:48:59", "longitud": "-86.77535489814761"},
{"latitud": "21.077625016520372", "city": "Canc\u00fan,\u00a0Quintana Roo", "name": "Hotel Maria de Lourdes", "price": [], "source": "price", "link": "http://www.pricetravel.com.mx/hotel-maria-de-lourdes/hotel-detalle?CheckIn=1900-01-01&CheckOut=1900-01-01&Rooms=1&Room1.Adults=2&Room1.Kids=0&Room1.AgeKids=&Adults=2&Kids=0&AgeKids=&Source=HotelList&IsPackage=false&placeId=54455&placeType=6", "address": "Av Yaxchil\u00e1n 80 SM 22 Mza 14, L 1 Canc\u00fan,\u00a0Quintana Roo\n               M\u00e9xico", "date": "2016-07-17 21:49:04", "longitud": "-86.77535489814761"}
]