[
{"latitud": "19.165705400490054", "city": "Hoteles en Veracruz", "name": "Palmera Suites", "price": ["450"], "source": "despegar", "link": "http://www.despegar.com.mx/hoteles/h-636392/palmera-suites-veracruz?totalHotels=48&pageNbr=1&cl=14&rid=7874", "address": "Ubicaci\u00f3n: Carr. Federal Veracruz Jalapa 9000", "date": "2016-07-21 20:44:57", "longitud": "-96.213920983081040"},
{"latitud": "19.17294924217603", "city": "Hoteles en Veracruz", "name": "Yes Inn Nuevo Veracruz", "price": ["645"], "source": "despegar", "link": "http://www.despegar.com.mx/hoteles/h-600938/yes-inn-nuevo-veracruz-veracruz?totalHotels=48&pageNbr=1&cl=16&rid=7874", "address": "Ubicaci\u00f3n: Av. Circuito Nuevo Veracruz 835 Col. Ex hacienda buena vista 91695", "date": "2016-07-21 20:44:57", "longitud": "-96.18643105069276"},
{"latitud": "19.201000000000000", "city": "Hoteles en Veracruz", "name": "Oriente Hotel & Suites", "price": ["432"], "source": "despegar", "link": "http://www.despegar.com.mx/hoteles/h-358224/oriente-hotel-y-suites-veracruz?totalHotels=48&pageNbr=1&cl=18&rid=7874", "address": "Ubicaci\u00f3n: Miguel Lerdo No. 20, Col. Centro", "date": "2016-07-21 20:44:57", "longitud": "-96.137478999999980"},
{"latitud": "19.184550137916755", "city": "Hoteles en Veracruz", "name": "Hotel Ziami", "price": ["454"], "source": "despegar", "link": "http://www.despegar.com.mx/hoteles/h-351735/hotel-ziami-veracruz?totalHotels=48&pageNbr=1&cl=15&rid=7874", "address": "Ubicaci\u00f3n: 1\u00b0 DE MAYO 1592 COL CENTRO", "date": "2016-07-21 20:44:57", "longitud": "-96.125360965606660"},
{"latitud": "19.192190349322953", "city": "Hoteles en Veracruz", "name": "Hotel Nautico Inn Veracruz", "price": ["330"], "source": "despegar", "link": "http://www.despegar.com.mx/hoteles/h-373673/hotel-nautico-inn-veracruz-veracruz?totalHotels=48&pageNbr=1&cl=20&rid=7874", "address": "Ubicaci\u00f3n: 1 de Mayo 591 entre Abasolo y Diaz Aragon, 91700 Veracruz, Veracruz-Llave, M\u00e9xico", "date": "2016-07-21 20:44:57", "longitud": "-96.131475932540870"},
{"latitud": "19.153980968008057", "city": "Hoteles en Veracruz", "name": "Hotel Urbainn", "price": ["448"], "source": "despegar", "link": "http://www.despegar.com.mx/hoteles/h-794998/hotel-urbainn-veracruz?totalHotels=48&pageNbr=1&cl=17&rid=7874", "address": "Ubicaci\u00f3n: Carretera Federal Km. 8 Colonia Las Bajadas", "date": "2016-07-21 20:44:57", "longitud": "-96.18421049761963"},
{"latitud": "19.178884937513242", "city": "Hoteles en Veracruz", "name": "Nu Hotel", "price": ["384"], "source": "despegar", "link": "http://www.despegar.com.mx/hoteles/h-374003/nu-hotel-veracruz?totalHotels=48&pageNbr=1&cl=13&rid=7874", "address": "Ubicaci\u00f3n: Av La Fragua 1066, Col Zaragoza Veracruz", "date": "2016-07-21 20:44:57", "longitud": "-96.132902490963550"},
{"latitud": "19.178913364413000", "city": "Hoteles en Veracruz", "name": "Real del Mar", "price": ["448"], "source": "despegar", "link": "http://www.despegar.com.mx/hoteles/h-351050/real-del-mar-veracruz?totalHotels=48&pageNbr=1&cl=19&rid=7874", "address": "Ubicaci\u00f3n: Blvd. M Avila Camacho #2707 esq. Francisco Rivera", "date": "2016-07-21 20:44:57", "longitud": "-96.123891897283900"},
{"latitud": "19.188279000000000", "city": "Hoteles en Veracruz", "name": "Hotel Delfines", "price": ["349"], "source": "despegar", "link": "http://www.despegar.com.mx/hoteles/h-373636/hotel-delfines-veracruz?totalHotels=48&pageNbr=1&cl=9&rid=7874", "address": "Ubicaci\u00f3n: 16 de Septiembre 1863, 91900 Veracruz, Veracruz-Llave, M\u00e9xico", "date": "2016-07-21 20:44:57", "longitud": "-96.124966999999970"},
{"latitud": "19.12233", "city": "Hoteles en Veracruz", "name": "Hotel Suites Mediterr\u00e1neo", "price": ["387"], "source": "despegar", "link": "http://www.despegar.com.mx/hoteles/h-307872/hotel-suites-mediterraneo-veracruz?totalHotels=48&pageNbr=1&cl=10&rid=7874", "address": "Ubicaci\u00f3n: Blvd. Miguel Alem\u00e1n Km. 121 Col. Playa Los Arcos, C.P. 94290 Boca del R\u00edo, Veracruz, M\u00e9xico", "date": "2016-07-21 20:44:57", "longitud": "-96.10548"},
{"latitud": "19.189998700000000", "city": "Hoteles en Veracruz", "name": "Angeles Suites & Hotel", "price": ["697"], "source": "despegar", "link": "http://www.despegar.com.mx/hoteles/h-830414/angeles-suites-y-hotel-veracruz?totalHotels=48&pageNbr=1&cl=12&rid=7874", "address": "Ubicaci\u00f3n: Avenida Primero de Mayo #887, Col. Ricardo Flores Magon", "date": "2016-07-21 20:44:57", "longitud": "-96.129612000000010"},
{"latitud": "19.201283500000000", "city": "Hoteles en Veracruz", "name": "Ruiz Milan", "price": ["527"], "source": "despegar", "link": "http://www.despegar.com.mx/hoteles/h-347515/ruiz-milan-veracruz?totalHotels=48&pageNbr=1&cl=11&rid=7874", "address": "Ubicaci\u00f3n: Paseo Insurgentes Veracruzanos 432 Centro Veracruz", "date": "2016-07-21 20:44:57", "longitud": "-96.135140006137820"},
{"latitud": "19.200670000000000", "city": "Hoteles en Veracruz", "name": "Colonial De Veracruz", "price": ["556"], "source": "despegar", "link": "http://www.despegar.com.mx/hoteles/h-312543/colonial-de-veracruz-veracruz?totalHotels=48&pageNbr=1&cl=8&rid=7874", "address": "Ubicaci\u00f3n: Miguel LerdoNo. 117", "date": "2016-07-21 20:44:57", "longitud": "-96.138330000000000"},
{"latitud": "19.198626", "city": "Hoteles en Veracruz", "name": "Hotel Baluarte", "price": ["425"], "source": "despegar", "link": "http://www.despegar.com.mx/hoteles/h-482275/hotel-baluarte-veracruz?totalHotels=48&pageNbr=1&cl=6&rid=7874", "address": "Ubicaci\u00f3n: Francisco Canal n 265 and 16 de Sept.", "date": "2016-07-21 20:44:57", "longitud": "-96.13301000000001"},
{"latitud": "19.200346384741188", "city": "Hoteles en Veracruz", "name": "Veracruz Centro Historico", "price": ["819"], "source": "despegar", "link": "http://www.despegar.com.mx/hoteles/h-312496/veracruz-centro-historico-veracruz?totalHotels=48&pageNbr=1&cl=7&rid=7874", "address": "Ubicaci\u00f3n: Av. Independencia s/n, Esq. Miguel Lerdo de Tejada", "date": "2016-07-21 20:44:57", "longitud": "-96.139002442359920"},
{"latitud": "21.144991993420465", "city": "Hoteles en Canc\u00fan", "name": "Barcelo Costa Cancun All Inclusive", "price": ["2", "981"], "source": "despegar", "link": "http://www.despegar.com.mx/hoteles/h-430662/barcelo-costa-cancun-all-inclusive-cancun?totalHotels=224&pageNbr=1&cl=18&rid=1569", "address": "Ubicaci\u00f3n: Boulevard Kukulcan Km 4.5", "date": "2016-07-21 20:44:58", "longitud": "-86.7884132414917"},
{"latitud": "21.071884413813848", "city": "Hoteles en Canc\u00fan", "name": "The Royal Caribbean An All Suites Resort", "price": ["1", "779"], "source": "despegar", "link": "http://www.despegar.com.mx/hoteles/h-365885/the-royal-caribbean-an-all-suites-resort-cancun?totalHotels=224&pageNbr=1&cl=17&rid=1569", "address": "Ubicaci\u00f3n: Blvd. Kukulcan, Km. 17, Lote 50", "date": "2016-07-21 20:44:58", "longitud": "-86.776358193779000"},
{"latitud": "21.056128955739197", "city": "Hoteles en Canc\u00fan", "name": "Crown Paradise Club Canc\u00fan - All Inclusive", "price": ["3", "153"], "source": "despegar", "link": "http://www.despegar.com.mx/hoteles/h-265301/crown-paradise-club-cancunall-inclusive-cancun?totalHotels=224&pageNbr=1&cl=20&rid=1569", "address": "Ubicaci\u00f3n: Blv. Kukulkan Km 18.5, lote 58", "date": "2016-07-21 20:44:58", "longitud": "-86.78133606613159"},
{"latitud": "21.101217762460050", "city": "Hoteles en Canc\u00fan", "name": "Barcel\u00f3 Tucancun Beach All Inclusive", "price": ["3", "028"], "source": "despegar", "link": "http://www.despegar.com.mx/hoteles/h-265174/barcelo-tucancun-beach-all-inclusive-cancun?totalHotels=224&pageNbr=1&cl=16&rid=1569", "address": "Ubicaci\u00f3n: Avenida KM 13. Lote Km. 9.5, Blvd. Kukulcan 24, Zona Hotelera", "date": "2016-07-21 20:44:58", "longitud": "-86.764988185766580"},
{"latitud": "21.048154210440615", "city": "Hoteles en Canc\u00fan", "name": "GR Caribe Deluxe by Solaris All Inclusive Resort", "price": ["2", "964"], "source": "despegar", "link": "http://www.despegar.com.mx/hoteles/h-353802/gr-caribe-deluxe-by-solaris-all-inclusive-resort-cancun?totalHotels=224&pageNbr=1&cl=15&rid=1569", "address": "Ubicaci\u00f3n: Blvd. Kukulcan Lote 64 Seccion", "date": "2016-07-21 20:44:58", "longitud": "-86.782620665060450"},
{"latitud": "21.091979698921090", "city": "Hoteles en Canc\u00fan", "name": "Golden Parnassus Resort & Spa All Inclusive", "price": ["2", "576"], "source": "despegar", "link": "http://www.despegar.com.mx/hoteles/h-330833/golden-parnassus-resort-y-spa-all-inclusive-cancun?totalHotels=224&pageNbr=1&cl=19&rid=1569", "address": "Ubicaci\u00f3n: Blvd. Kukulcan Km. 14.5, Retorno San", "date": "2016-07-21 20:44:58", "longitud": "-86.768753150787350"},
{"latitud": "21.143957552512670", "city": "Hoteles en Canc\u00fan", "name": "The Royal Cancun All Suites Resort", "price": ["2", "953"], "source": "despegar", "link": "http://www.despegar.com.mx/hoteles/h-266162/the-royal-cancun-all-suites-resort-cancun?totalHotels=224&pageNbr=1&cl=14&rid=1569", "address": "Ubicaci\u00f3n: Kukulcan Boulevard Km 4.5 Hotel", "date": "2016-07-21 20:44:58", "longitud": "-86.784036023028530"},
{"latitud": "21.243235778307180", "city": "Hoteles en Canc\u00fan", "name": "Secrets Playa Mujeres Golf and Spa Resort All Inclusive", "price": ["3", "411"], "source": "despegar", "link": "http://www.despegar.com.mx/hoteles/h-503274/secrets-playa-mujeres-golf-and-spa-resort-all-inclusive-cancun?totalHotels=224&pageNbr=1&cl=13&rid=1569", "address": "Ubicaci\u00f3n: Playa Mujeres, Lte1, Mza1, Sm3 ,Isla Mujeres, Quintana Roo, M\u00e9xico", "date": "2016-07-21 20:44:58", "longitud": "-86.805521540191650"},
{"latitud": "21.089679663732134", "city": "Hoteles en Canc\u00fan", "name": "Hard Rock Hotel Cancun All Inclusive", "price": ["6", "906"], "source": "despegar", "link": "http://www.despegar.com.mx/hoteles/h-265997/hard-rock-hotel-cancun-all-inclusive-cancun?totalHotels=224&pageNbr=1&cl=12&rid=1569", "address": "Ubicaci\u00f3n: Blvd Kukulcan KM 14.5, Hotel Zone", "date": "2016-07-21 20:44:58", "longitud": "-86.77088857406613"},
{"latitud": "21.077625016520372", "city": "Hoteles en Canc\u00fan", "name": "Grand Oasis Cancun All Inclusive", "price": ["3", "332"], "source": "despegar", "link": "http://www.despegar.com.mx/hoteles/h-266075/grand-oasis-cancun-all-inclusive-cancun?totalHotels=224&pageNbr=1&cl=11&rid=1569", "address": "Ubicaci\u00f3n: Blvd. Kukulkan Km. 16.5, Zona Hotelera, 77500 Canc\u00fan", "date": "2016-07-21 20:44:58", "longitud": "-86.77535489814761"},
{"latitud": "19.201450000000000", "city": "Hoteles en Veracruz", "name": "Fiesta Inn Veracruz Malecon", "price": [], "source": "despegar", "link": "http://www.despegar.com.mx/hoteles/h-347532/fiesta-inn-veracruz-malecon-veracruz?totalHotels=48&pageNbr=2&cl=20&rid=7874", "address": "Ubicaci\u00f3n: General Figueroa 68", "date": "2016-07-21 20:44:58", "longitud": "-96.131884000000000"},
{"latitud": "19.199382923772465", "city": "Hoteles en Veracruz", "name": "Casa del Sol", "price": [], "source": "despegar", "link": "http://www.despegar.com.mx/hoteles/h-721633/casa-del-sol-veracruz?totalHotels=48&pageNbr=2&cl=19&rid=7874", "address": "Ubicaci\u00f3n: Miguel Lerdo N\u00b0 377, Col. Centro", "date": "2016-07-21 20:44:58", "longitud": "-96.140353642922210"},
{"latitud": "19.194065000000000", "city": "Hoteles en Veracruz", "name": "Candilejas", "price": ["431"], "source": "despegar", "link": "http://www.despegar.com.mx/hoteles/h-599062/candilejas-veracruz?totalHotels=48&pageNbr=2&cl=16&rid=7874", "address": "Ubicaci\u00f3n: Juan Barragan 35, esq Boulevard Avila Camacho. Col. Flores Mag\u00f3n", "date": "2016-07-21 20:44:58", "longitud": "-96.125999100000000"},
{"latitud": "20.988649864079072", "city": "Hoteles en Canc\u00fan", "name": "Moon Palace Golf & Spa Resort", "price": ["5", "511"], "source": "despegar", "link": "http://www.despegar.com.mx/hoteles/h-266016/moon-palace-golf-y-spa-resort-cancun?totalHotels=224&pageNbr=1&cl=10&rid=1569", "address": "Ubicaci\u00f3n: Carretera Cancun-Chetumal Km. 36.5", "date": "2016-07-21 20:44:58", "longitud": "-86.836029036865230"},
{"latitud": "19.198634", "city": "Hoteles en Veracruz", "name": "Hotel Mar y Tierra", "price": [], "source": "despegar", "link": "http://www.despegar.com.mx/hoteles/h-307892/hotel-mar-y-tierra-veracruz?totalHotels=48&pageNbr=2&cl=18&rid=7874", "address": "Ubicaci\u00f3n: Cap. de Fragata Pedro Sainz de Baranda s/n, Fracc. Faros", "date": "2016-07-21 20:44:58", "longitud": "-96.13011699999998"},
{"latitud": "19.178049100000000", "city": "Hoteles en Veracruz", "name": "Hotel Regional", "price": ["863"], "source": "despegar", "link": "http://www.despegar.com.mx/hoteles/h-599622/hotel-regional-veracruz?totalHotels=48&pageNbr=2&cl=14&rid=7874", "address": "Ubicaci\u00f3n: Palacio Perez 871 Col. Ignacio Zaragoza", "date": "2016-07-21 20:44:58", "longitud": "-96.128842599999980"},
{"latitud": "19.202250000000000", "city": "Hoteles en Veracruz", "name": "Holiday Inn Centro Historico", "price": ["1", "006"], "source": "despegar", "link": "http://www.despegar.com.mx/hoteles/h-307912/holiday-inn-centro-historico-veracruz?totalHotels=48&pageNbr=2&cl=15&rid=7874", "address": "Ubicaci\u00f3n: CALLE MORELOS : 225,COL. CENTRO, ESQUINA MIGUEL LERDO COLONIA CENTRO, VERACRUZ, 91700", "date": "2016-07-21 20:44:58", "longitud": "-96.133100000000010"},
{"latitud": "19.199520000000000", "city": "Hoteles en Veracruz", "name": "Hotel Amparo", "price": ["273"], "source": "despegar", "link": "http://www.despegar.com.mx/hoteles/h-487268/hotel-amparo-veracruz?totalHotels=48&pageNbr=2&cl=10&rid=7874", "address": "Ubicaci\u00f3n: Aquiles Serdan No. 482, Col. Centro", "date": "2016-07-21 20:44:58", "longitud": "-96.137040000000010"},
{"latitud": "19.171526126700556", "city": "Hoteles en Veracruz", "name": "Hotel Venedik", "price": ["586"], "source": "despegar", "link": "http://www.despegar.com.mx/hoteles/h-360834/hotel-venedik-veracruz?totalHotels=48&pageNbr=2&cl=12&rid=7874", "address": "Ubicaci\u00f3n: Garz\u00f3n Cossa #458", "date": "2016-07-21 20:44:59", "longitud": "-96.119550782733940"},
{"latitud": "19.172716700000000", "city": "Hoteles en Veracruz", "name": "Hotel Santander", "price": ["409"], "source": "despegar", "link": "http://www.despegar.com.mx/hoteles/h-351052/hotel-santander-veracruz?totalHotels=48&pageNbr=2&cl=7&rid=7874", "address": "Ubicaci\u00f3n: Direcci\u00f3n Blvd. Landero y Coss # 123 esq.Mario Molina Veracruz, Veracruz 91900", "date": "2016-07-21 20:44:59", "longitud": "-96.133268899999960"},
{"latitud": "19.198168", "city": "Hoteles en Veracruz", "name": "Posada del Carmen \u00a0", "price": ["450"], "source": "despegar", "link": "http://www.despegar.com.mx/hoteles/h-347541/posada-del-carmen--veracruz?totalHotels=48&pageNbr=2&cl=6&rid=7874", "address": "Ubicaci\u00f3n: Victimas del 25 de Junio N\u00ba 165 esq. Xicotencatl", "date": "2016-07-21 20:44:59", "longitud": "-96.13129700000002"},
{"latitud": "19.177434000000000", "city": "Hoteles en Veracruz", "name": "Hotel Playa Veracruz", "price": ["324"], "source": "despegar", "link": "http://www.despegar.com.mx/hoteles/h-352750/hotel-playa-veracruz-veracruz?totalHotels=48&pageNbr=2&cl=9&rid=7874", "address": "Ubicaci\u00f3n: Valencia # 28 esq. Blvd. M. Avila Camacho", "date": "2016-07-21 20:44:59", "longitud": "-96.121919999999990"},
{"latitud": "19.199758000000000", "city": "Hoteles en Veracruz", "name": "Econ\u00f3mico Mallorca", "price": ["215"], "source": "despegar", "link": "http://www.despegar.com.mx/hoteles/h-551314/economico-mallorca-veracruz?totalHotels=48&pageNbr=2&cl=3&rid=7874", "address": "Ubicaci\u00f3n: Aquiles Serdan No. 424", "date": "2016-07-21 20:44:59", "longitud": "-96.136570000000000"},
{"latitud": "19.187711", "city": "Hoteles en Veracruz", "name": "Porto Novo", "price": ["597"], "source": "despegar", "link": "http://www.despegar.com.mx/hoteles/h-371009/porto-novo-veracruz?totalHotels=48&pageNbr=2&cl=5&rid=7874", "address": "Ubicaci\u00f3n: Av.1ro de Mayo # 1204 Esq.Francisco Mina Col.Flores Magon", "date": "2016-07-21 20:44:59", "longitud": "-96.12769200000002"},
{"latitud": "26.4999628", "city": "Hoteles en Veracruz", "name": "Puerto Real", "price": ["249"], "source": "despegar", "link": "http://www.despegar.com.mx/hoteles/h-596700/puerto-real-veracruz?totalHotels=48&pageNbr=2&cl=1&rid=7874", "address": "Ubicaci\u00f3n: Jose Azueta #1407, Esq Gonzalez Pagez", "date": "2016-07-21 20:44:59", "longitud": "-100.43097499999999"},
{"latitud": "19.160409887381757", "city": "Hoteles en Veracruz", "name": "City Express Junior Veracruz Aeropuerto", "price": ["524"], "source": "despegar", "link": "http://www.despegar.com.mx/hoteles/h-351660/city-express-junior-veracruz-aeropuerto-veracruz?totalHotels=48&pageNbr=2&cl=4&rid=7874", "address": "Ubicaci\u00f3n: Calzada Manuel de Jes\u00fas Clouthier 6241, Valente D\u00edaz, 91725 Veracruz, Veracruz-Llave, M\u00e9xico", "date": "2016-07-21 20:44:59", "longitud": "-96.201418046627050"},
{"latitud": "19.198066356558270", "city": "Hoteles en Veracruz", "name": "Hotel Trianon", "price": ["368"], "source": "despegar", "link": "http://www.despegar.com.mx/hoteles/h-347694/hotel-trianon-veracruz?totalHotels=48&pageNbr=2&cl=2&rid=7874", "address": "Ubicaci\u00f3n: Calle Mariano Arista num. 780 entre Independencia y 5 de Mayo Col. Centro C.P 91700 Veracruz, Ver. Mexico", "date": "2016-07-21 20:44:59", "longitud": "-96.137478114086150"},
{"latitud": "19.191000000000000", "city": "Hoteles en Veracruz", "name": "Howard Johnson Veracruz", "price": ["599"], "source": "despegar", "link": "http://www.despegar.com.mx/hoteles/h-312542/howard-johnson-veracruz-veracruz?totalHotels=48&pageNbr=2&cl=0&rid=7874&firstHotel=true", "address": "Ubicaci\u00f3n: Blvd Manuel Avila Camacho 1263, Centro, 91700 Veracruz, Veracruz-Llave, M\u00e9xico", "date": "2016-07-21 20:44:59", "longitud": "-96.124630000000020"},
{"latitud": "21.13815", "city": "Hoteles en Canc\u00fan", "name": "Riu Palace Las Am\u00e9ricas", "price": ["3", "594"], "source": "despegar", "link": "http://www.despegar.com.mx/hoteles/h-265369/riu-palace-las-americas-cancun?totalHotels=224&pageNbr=1&cl=8&rid=1569", "address": "Ubicaci\u00f3n: Blvd. Kukulcan, Km 8.5", "date": "2016-07-21 20:44:59", "longitud": "-86.75044000000003"},
{"latitud": "21.055160000000000", "city": "Hoteles en Canc\u00fan", "name": "GR Solaris Canc\u00fan and Spa All Inclusive", "price": ["2", "540"], "source": "despegar", "link": "http://www.despegar.com.mx/hoteles/h-265608/gr-solaris-cancun-and-spa-all-inclusive-cancun?totalHotels=224&pageNbr=1&cl=9&rid=1569", "address": "Ubicaci\u00f3n: Blvd. Kukulkan KM. 19.5", "date": "2016-07-21 20:44:59", "longitud": "-86.782600000000000"},
{"latitud": "21.091144430292896", "city": "Hoteles en Canc\u00fan", "name": "Sandos Cancun Luxury Resort - All Inclusive", "price": ["4", "348"], "source": "despegar", "link": "http://www.despegar.com.mx/hoteles/h-353423/sandos-cancun-luxury-resortall-inclusive-cancun?totalHotels=224&pageNbr=1&cl=7&rid=1569", "address": "Ubicaci\u00f3n: Km 14 Mz 53 Lote 37-1 ZH", "date": "2016-07-21 20:44:59", "longitud": "-86.76925527843474"},
{"latitud": "21.044880913541890", "city": "Hoteles en Canc\u00fan", "name": "Sun Palace", "price": ["4", "804"], "source": "despegar", "link": "http://www.despegar.com.mx/hoteles/h-265156/sun-palace-cancun?totalHotels=224&pageNbr=1&cl=6&rid=1569", "address": "Ubicaci\u00f3n: Blvd Kukulcan Km 19.5 Lt 65 Suite #2106", "date": "2016-07-21 20:44:59", "longitud": "-86.782539651451090"},
{"latitud": "21.137586876882185", "city": "Hoteles en Canc\u00fan", "name": "Riu Cancun", "price": ["3", "142"], "source": "despegar", "link": "http://www.despegar.com.mx/hoteles/h-265543/riu-cancun-cancun?totalHotels=224&pageNbr=1&cl=4&rid=1569", "address": "Ubicaci\u00f3n: Blvd. Kukulcan, Km 9, Manzana 50, Lote 5, Zona Hotelera Canc\u00fan - Quintana Roo", "date": "2016-07-21 20:44:59", "longitud": "-86.74816887512202"},
{"latitud": "21.1261695907089", "city": "Hoteles en Canc\u00fan", "name": "Royal Sunset All Inclusive", "price": ["2", "868"], "source": "despegar", "link": "http://www.despegar.com.mx/hoteles/h-265837/royal-sunset-all-inclusive-cancun?totalHotels=224&pageNbr=1&cl=5&rid=1569", "address": "Ubicaci\u00f3n: Blvd. Kukulkan Km. 10 Zona Hotelera", "date": "2016-07-21 20:44:59", "longitud": "-86.75200108200073"},
{"latitud": "19.179670000000000", "city": "Hoteles en Veracruz", "name": "Hotel Gran V\u00eda", "price": [], "source": "despegar", "link": "http://www.despegar.com.mx/hoteles/h-351999/hotel-gran-via-veracruz?totalHotels=48&pageNbr=3&cl=1&rid=7874", "address": "Ubicaci\u00f3n: Av Salvador D\u00edaz Mir\u00f3n 1572, 91910 Veracruz, Veracruz-Llave, M\u00e9xico", "date": "2016-07-21 20:44:59", "longitud": "-96.134680000000000"},
{"latitud": "21.09809952876196", "city": "Hoteles en Canc\u00fan", "name": "The Royal Sands & Spa", "price": ["3", "633"], "source": "despegar", "link": "http://www.despegar.com.mx/hoteles/h-339686/the-royal-sands-y-spa-cancun?totalHotels=224&pageNbr=1&cl=3&rid=1569", "address": "Ubicaci\u00f3n: Blvd. Kukulcan, Km. 13.5, No. 32", "date": "2016-07-21 20:44:59", "longitud": "-86.7667783703613"},
{"latitud": "19.178359700000000", "city": "Hoteles en Veracruz", "name": "Hotel Xalapa, Veracruz", "price": [], "source": "despegar", "link": "http://www.despegar.com.mx/hoteles/h-821260/hotel-xalapa,-veracruz-veracruz?totalHotels=48&pageNbr=3&cl=0&rid=7874&firstHotel=true", "address": "Ubicaci\u00f3n: Miguel Angel de Quevedo #6009", "date": "2016-07-21 20:44:59", "longitud": "-96.139765399999990"},
{"latitud": "21.113489365750230", "city": "Hoteles en Canc\u00fan", "name": "Beach Palace", "price": ["5", "511"], "source": "despegar", "link": "http://www.despegar.com.mx/hoteles/h-265264/beach-palace-cancun?totalHotels=224&pageNbr=1&cl=2&rid=1569", "address": "Ubicaci\u00f3n: Blvd Kukulcan Km 11.5", "date": "2016-07-21 20:44:59", "longitud": "-86.759227931213390"},
{"latitud": "19.186936111111100", "city": "Hoteles en Veracruz", "name": "Veracruz Plaza", "price": ["754"], "source": "despegar", "link": "http://www.despegar.com.mx/hoteles/h-307881/veracruz-plaza-veracruz?totalHotels=48&pageNbr=1&cl=5&rid=7874", "address": "Ubicaci\u00f3n: AV.DIAZ MIRON 776 ENTRE AZUETA E ITURBIDE COL.CENT", "date": "2016-07-21 20:44:59", "longitud": "-96.134936111111070"},
{"latitud": "21.050320000000000", "city": "Hoteles en Canc\u00fan", "name": "Royal Solaris Cancun Resort, Marina & Spa All Inclusive", "price": ["2", "334"], "source": "despegar", "link": "http://www.despegar.com.mx/hoteles/h-265953/royal-solaris-cancun-resort,-marina-y-spa-all-inclusive-cancun?totalHotels=224&pageNbr=1&cl=1&rid=1569", "address": "Ubicaci\u00f3n: 2a etapa, Seccion A, Zona Hotelera", "date": "2016-07-21 20:44:59", "longitud": "-86.783019999999960"},
{"latitud": "21.125619017700550", "city": "Hoteles en Canc\u00fan", "name": "Le Blanc Spa Resort", "price": ["7", "609"], "source": "despegar", "link": "http://www.despegar.com.mx/hoteles/h-266151/le-blanc-spa-resort-cancun?totalHotels=224&pageNbr=1&cl=0&rid=1569&firstHotel=true", "address": "Ubicaci\u00f3n: Blvd. Kukulkan Km. 10, Zona Hotelera", "date": "2016-07-21 20:44:59", "longitud": "-86.752829796295150"},
{"latitud": "19.20009", "city": "Hoteles en Veracruz", "name": "Gran Hotel Diligencias", "price": ["686"], "source": "despegar", "link": "http://www.despegar.com.mx/hoteles/h-312597/gran-hotel-diligencias-veracruz?totalHotels=48&pageNbr=1&cl=4&rid=7874", "address": "Ubicaci\u00f3n: Avenida Independencia 1115, Centro", "date": "2016-07-21 20:44:59", "longitud": "-96.13877000000002"},
{"latitud": "19.182810000000000", "city": "Hoteles en Veracruz", "name": "Comfort Inn Veracruz", "price": ["774"], "source": "despegar", "link": "http://www.despegar.com.mx/hoteles/h-308141/comfort-inn-veracruz-veracruz?totalHotels=48&pageNbr=1&cl=3&rid=7874", "address": "Ubicaci\u00f3n: Boulevard Manuel Avila Camacho, /n esq. Bartolome de las Casas, 91910 Heroica Veracruz, M\u00e9xico", "date": "2016-07-21 20:44:59", "longitud": "-96.124790000000020"},
{"latitud": "19.1766388888889", "city": "Hoteles en Veracruz", "name": "Hotel Acuario Veracruz", "price": ["382"], "source": "despegar", "link": "http://www.despegar.com.mx/hoteles/h-307920/hotel-acuario-veracruz-veracruz?totalHotels=48&pageNbr=1&cl=2&rid=7874", "address": "Ubicaci\u00f3n: Valencia No. 225, Col. Zaragoza", "date": "2016-07-21 20:45:00", "longitud": "-96.1235361111111"},
{"latitud": "19.201451000000000", "city": "Hoteles en Veracruz", "name": "Hotel Emporio Veracruz", "price": ["1", "035"], "source": "despegar", "link": "http://www.despegar.com.mx/hoteles/h-347537/hotel-emporio-veracruz-veracruz?totalHotels=48&pageNbr=1&cl=0&rid=7874&firstHotel=true", "address": "Ubicaci\u00f3n: Paseo del Malec\u00f3n # 244", "date": "2016-07-21 20:45:00", "longitud": "-96.134837000000000"},
{"latitud": "19.189915000000000", "city": "Hoteles en Veracruz", "name": "Hotel Balaju", "price": ["665"], "source": "despegar", "link": "http://www.despegar.com.mx/hoteles/h-344904/hotel-balaju-veracruz?totalHotels=48&pageNbr=1&cl=1&rid=7874", "address": "Ubicaci\u00f3n: Blvd. Manuel Avila Camacho No. 1371 esq. Mina Col. Flores Mag\u00f3n", "date": "2016-07-21 20:45:00", "longitud": "-96.124213000000000"}
]